episode,task,phase,success,error,wall_ms,cpu_user_ms,cpu_sys_ms,peak_rss_kb,read_bytes,write_bytes,semantic,recovery,local_repair,structural_change,derived,active,structure_bytes,avg_depth,max_depth,uniform,model_calls,model_input_tokens,model_output_tokens
1,daily_file,warmup,1,,22.108,14.849,4.204,113676,0,8192,4,0,0,1,0,1,464,0.0,0,1,0,0,0
2,daily_hash,warmup,1,,19.201,11.148,7.032,116012,0,4096,4,0,0,1,0,2,555,0.0,0,1,0,0,0
3,daily_http,warmup,1,,43.941,15.263,22.497,116104,0,4096,5,0,0,1,0,3,663,0.0,0,1,0,0,0
4,daily_state,warmup,1,,7.368,1.127,2.409,116116,0,4096,4,0,0,1,0,4,758,0.0,0,1,0,0,0
5,daily_file,warmup,1,,7.504,0.0,3.729,116124,0,4096,1,0,0,0,0,4,758,0.0,0,1,0,0,0
6,daily_hash,warmup,1,,18.2,12.869,5.949,118456,0,4096,1,0,0,0,0,4,758,0.0,0,1,0,0,0
7,daily_http,warmup,1,,10.702,6.781,0.855,116156,0,4096,1,0,0,0,0,4,758,0.0,0,1,0,0,0
8,daily_state,warmup,1,,8.612,2.171,2.475,116156,0,4096,1,0,0,0,0,4,758,0.0,0,1,0,0,0
9,daily_file,warmup,1,,7.763,0.712,3.485,116156,0,4096,1,0,0,0,0,4,758,0.0,0,1,0,0,0
10,daily_hash,warmup,1,,17.05,8.957,8.115,120180,0,4096,1,0,0,0,0,4,759,0.0,0,1,0,0,0
11,daily_http,warmup,1,,9.839,6.836,0.05,116164,0,4096,1,0,0,0,0,4,760,0.0,0,1,0,0,0
12,daily_state,warmup,1,,7.296,0.0,3.119,116168,0,4096,1,0,0,0,0,4,761,0.0,0,1,0,0,0
13,novel_00,novel,1,,7.135,0.0,3.194,116168,0,4096,5,0,0,2,1,5,920,1.0,1,1,0,0,0
14,novel_01,novel,1,,9.41,0.0,7.405,116184,0,4096,5,0,0,1,1,6,1028,1.0,1,1,0,0,0
15,novel_02,novel,1,,18.866,14.287,3.08,118516,0,4096,4,0,0,1,1,7,1122,1.0,1,1,0,0,0
16,novel_03,novel,1,,7.583,0.0,3.95,116204,0,4096,3,0,0,1,1,7,1157,1.0,1,1,0,0,0
17,novel_04,novel,1,,7.132,2.877,0.423,116204,0,4096,4,0,0,1,1,7,1168,1.0,1,1,0,0,0
18,novel_05,novel,1,,7.981,4.01,0.078,116204,0,4096,3,0,0,1,1,7,1179,1.0,1,1,0,0,0
19,novel_06,novel,1,,10.933,4.655,3.159,116212,0,4096,5,0,0,2,2,7,1267,1.0,1,1,0,0,0
20,novel_07,novel,1,,19.746,4.031,14.033,118536,0,4096,4,0,0,1,2,7,1271,1.0,1,1,0,0,0
21,novel_08,novel,1,,11.373,7.109,0.486,116220,0,4096,3,0,0,1,2,7,1284,1.0,1,1,0,0,0
22,novel_09,novel,1,,9.395,3.194,2.458,116224,0,4096,2,0,0,1,2,7,1291,1.0,1,1,0,0,0
23,novel_10,novel,1,,10.473,6.671,0.0,116224,0,4096,3,0,0,2,3,7,1338,1.333,2,1,0,0,0
24,novel_11,novel,1,,12.541,8.467,1.51,116236,0,4096,3,0,0,1,3,7,1373,1.333,2,1,0,0,0
25,novel_12,novel,1,,20.886,10.536,12.625,119652,0,4096,4,0,0,2,4,7,1453,1.25,2,1,0,0,0
26,novel_13,novel,1,,12.948,10.865,0.644,116244,0,4096,2,0,0,1,4,7,1466,1.25,2,1,0,0,0
27,novel_14,novel,1,,11.751,7.896,0.143,116244,0,4096,2,0,0,1,4,7,1473,1.25,2,1,0,0,0
28,novel_15,novel,1,,12.062,8.203,0.09,116244,0,8192,2,0,0,1,4,7,1484,1.25,2,1,0,0,0
29,novel_16,novel,1,,14.366,11.567,0.0,116260,0,4096,3,0,0,2,5,7,1566,1.4,2,1,0,0,0
30,novel_17,novel,1,,23.797,14.802,7.48,118452,0,4096,1,0,0,1,5,7,1570,1.4,2,1,0,0,0
31,novel_18,novel,1,,14.779,9.805,0.0,116272,0,4096,2,0,0,1,5,7,1583,1.4,2,1,0,0,0
32,novel_19,novel,1,,13.427,6.501,3.258,116272,0,4096,2,0,0,1,5,7,1590,1.4,2,1,0,0,0
33,novel_20,novel,1,,14.498,8.699,2.049,116276,0,4096,2,0,0,1,5,7,1601,1.4,2,1,0,0,0
34,novel_21,novel,1,,17.068,7.868,5.405,116276,0,4096,1,0,0,1,5,7,1636,1.4,2,1,0,0,0
35,novel_22,novel,1,,27.209,22.963,3.999,118336,0,4096,1,0,0,1,5,7,1640,1.4,2,1,0,0,0
36,novel_23,novel,1,,15.494,11.659,0.0,116288,0,4096,2,0,0,1,5,7,1653,1.4,2,1,0,0,0
37,novel_24,novel,1,,15.072,10.879,0.332,116292,0,4096,2,0,0,1,5,7,1660,1.4,2,1,0,0,0
38,novel_00,repeat,1,,14.637,8.127,2.671,116292,0,4096,1,0,0,0,5,7,1657,1.4,2,1,0,0,0
39,novel_01,repeat,1,,16.558,9.712,3.599,116300,0,4096,1,0,0,0,5,7,1678,1.4,2,1,0,0,0
40,novel_02,repeat,1,,24.685,13.624,11.97,120464,0,4096,1,0,0,0,5,7,1668,1.4,2,1,0,0,0
41,novel_03,repeat,1,,19.898,14.493,0.0,116312,0,4096,1,0,0,0,5,7,1667,1.4,2,1,0,0,0
42,novel_04,repeat,1,,14.091,10.389,0.0,116312,0,4096,1,0,0,0,5,7,1660,1.4,2,1,0,0,0
43,novel_05,repeat,1,,14.269,10.535,0.0,116312,0,4096,1,0,0,0,5,7,1657,1.4,2,1,0,0,0
44,novel_06,repeat,1,,16.66,13.356,0.0,116316,0,4096,1,0,0,0,5,7,1678,1.4,2,1,0,0,0
45,novel_07,repeat,1,,25.801,17.335,6.603,118644,0,4096,1,0,0,0,5,7,1668,1.4,2,1,0,0,0
46,novel_08,repeat,1,,14.122,10.265,0.0,116332,0,4096,1,0,0,0,5,7,1667,1.4,2,1,0,0,0
47,novel_09,repeat,1,,15.488,11.968,0.0,116332,0,4096,1,0,0,0,5,7,1660,1.4,2,1,0,0,0
48,novel_10,repeat,1,,15.536,11.873,0.0,116332,0,4096,1,0,0,0,5,7,1657,1.4,2,1,0,0,0
49,novel_11,repeat,1,,17.645,14.163,0.0,116332,0,4096,1,0,0,0,5,7,1678,1.4,2,1,0,0,0
50,daily_file,drift,1,,15.418,5.387,6.434,116332,0,4096,1,0,1,2,6,7,1707,1.667,3,1,0,0,0
51,daily_http,drift,1,,18.606,14.199,1.694,116336,0,4096,1,0,1,1,6,7,1709,1.667,3,1,0,0,0
52,daily_hash,drift,1,,25.008,24.875,1.857,118900,0,4096,1,0,1,1,6,7,1708,1.667,3,1,0,0,0
53,tail_0,evict,1,,16.565,7.513,5.431,116340,0,4096,1,0,0,1,6,7,1715,1.667,3,1,0,0,0
54,tail_1,evict,1,,19.022,13.619,2.359,116340,0,4096,1,0,0,1,6,7,1746,1.667,3,1,0,0,0
55,tail_2,evict,1,,28.53,20.401,7.177,118124,0,4096,1,0,0,1,6,7,1746,1.667,3,1,0,0,0
56,tail_3,evict,1,,19.534,12.023,3.802,116348,0,4096,2,0,0,2,7,7,1784,1.857,3,1,0,0,0
57,tail_4,evict,1,,19.222,15.311,0.039,116352,0,8192,2,0,0,2,8,7,1801,1.875,3,1,0,0,0
58,tail_5,evict,1,,20.616,8.737,8.137,116356,0,4096,1,0,0,1,8,7,1805,1.875,3,1,0,0,0
59,tail_6,evict,1,,29.609,20.131,5.54,116356,0,4096,1,0,0,1,8,7,1830,1.875,3,1,0,0,0
60,daily_http,ancestral,1,,24.005,16.888,3.664,116364,0,4096,2,1,0,1,8,7,1835,1.875,3,1,0,0,0
61,daily_http,post_recovery,1,,22.526,14.556,4.752,116368,0,4096,1,0,0,0,8,7,1835,1.875,3,1,0,0,0
62,daily_file,ancestral,1,,20.072,14.373,1.691,116368,0,4096,2,1,0,1,8,7,1815,1.875,3,1,0,0,0
63,daily_file,post_recovery,1,,20.507,16.044,0.815,116368,0,4096,1,0,0,0,8,7,1815,1.875,3,1,0,0,0
64,daily_hash,ancestral,1,,34.89,27.796,2.0,118688,0,4096,2,1,0,1,8,7,1813,1.875,3,1,0,0,0
65,daily_hash,post_recovery,1,,30.957,27.122,4.659,118364,0,4096,1,0,0,0,8,7,1813,1.875,3,1,0,0,0
