episode,stage,stage_name,task,success,first_seen,expected_repeat,post_recovery,wall_ms,planner_ms,consolidation_ms,executor_ms,cpu_user_ms,cpu_sys_ms,rss_kb,read_bytes,write_bytes,semantic,recovery,repair,structural_change,permanent_words,provisional_words,structure_bytes,uniform
1,0,canary_core,canary_file,1,1,0,0,0.252301,0.039170,0.046051,0.166911,0.077000,0.262000,4624,0,8192,4,0,0,1,0,0,94,1
2,0,canary_core,canary_state,1,1,0,0,0.068579,0.015144,0.005944,0.047322,0.018000,0.060000,4688,0,4096,4,0,0,1,0,0,177,1
3,0,canary_core,canary_proc,1,1,0,0,0.146970,0.014400,0.010610,0.121790,0.035000,0.118000,4712,0,4096,4,0,0,1,0,0,263,1
4,0,canary_core,canary_file,1,0,1,0,0.144223,0.001651,0.000055,0.142344,0.034000,0.117000,4712,0,4096,1,0,0,0,0,0,263,1
5,0,canary_core,canary_state,1,0,1,0,0.061037,0.001296,0.000054,0.059526,0.015000,0.051000,4712,0,4096,1,0,0,0,0,0,263,1
6,0,canary_core,canary_proc,1,0,1,0,0.180095,0.001307,0.000042,0.178156,0.000000,0.189000,4712,0,4096,1,0,0,0,0,0,263,1
7,0,canary_core,canary_file,1,0,1,0,0.130692,0.001157,0.000043,0.129318,0.000000,0.137000,4712,0,4096,1,0,0,0,0,0,263,1
8,0,canary_core,canary_state,1,0,1,0,0.107505,0.001082,0.000036,0.106205,0.000000,0.113000,4712,0,4096,1,0,0,0,0,0,263,1
9,0,canary_core,canary_proc,1,0,1,0,0.137343,0.001146,0.000036,0.135997,0.000000,0.143000,4712,0,4096,1,0,0,0,0,0,263,1
10,0,canary_core,canary_file,1,0,1,0,0.132284,0.001167,0.000035,0.130920,0.000000,0.139000,4712,0,4096,1,0,0,0,0,0,264,1
11,0,canary_core,canary_state,1,0,1,0,0.078548,0.001124,0.000036,0.077220,0.000000,0.086000,4712,0,4096,1,0,0,0,0,0,265,1
12,0,canary_core,canary_proc,1,0,1,0,0.110591,0.001152,0.000036,0.109240,0.000000,0.119000,4712,0,4096,1,0,0,0,0,0,266,1
13,0,canary_core,canary_file,1,0,1,0,0.089647,0.001104,0.000036,0.088189,0.000000,0.098000,4712,0,4096,1,0,0,0,0,0,266,1
14,0,canary_core,canary_state,1,0,1,0,0.078420,0.001020,0.000036,0.077196,0.000000,0.087000,4712,0,4096,1,0,0,0,0,0,266,1
15,0,canary_core,canary_proc,1,0,1,0,0.107639,0.001065,0.000036,0.106374,0.000000,0.116000,4712,0,4096,1,0,0,0,0,0,266,1
16,0,canary_core,canary_file,1,0,1,0,0.092351,0.001124,0.000036,0.090967,0.000000,0.101000,4712,0,4096,1,0,0,0,0,0,266,1
17,0,canary_core,canary_state,1,0,1,0,0.076094,0.001064,0.000044,0.074816,0.000000,0.083000,4712,0,4096,1,0,0,0,0,0,266,1
18,0,canary_core,canary_proc,1,0,1,0,0.106499,0.001094,0.000035,0.105204,0.000000,0.115000,4712,0,4096,1,0,0,0,0,0,266,1
19,0,canary_core,canary_file,1,0,1,0,0.114473,0.001216,0.000047,0.113045,0.000000,0.122000,4712,0,4096,1,0,0,0,0,0,266,1
20,0,canary_core,canary_state,1,0,1,0,0.080662,0.001101,0.000048,0.079349,0.000000,0.088000,4712,0,4096,1,0,0,0,0,0,266,1
21,0,canary_core,canary_proc,1,0,1,0,0.164660,0.001311,0.000050,0.163134,0.000000,0.173000,4712,0,4096,1,0,0,0,0,0,266,1
22,0,canary_core,canary_file,1,0,1,0,0.125263,0.001139,0.000048,0.123915,0.000000,0.131000,4712,0,4096,1,0,0,0,0,0,266,1
23,0,canary_core,canary_state,1,0,1,0,0.079117,0.001273,0.000036,0.077646,0.000000,0.109000,4712,0,4096,1,0,0,0,0,0,266,1
24,0,canary_core,canary_proc,1,0,1,0,0.134300,0.001235,0.000036,0.132865,0.000000,0.140000,4712,0,4096,1,0,0,0,0,0,266,1
25,1,single_user_alpha,daily_file,1,1,0,0,0.211465,0.036876,0.025251,0.149166,0.000000,0.218000,4712,0,4096,4,0,0,2,0,1,340,1
26,1,single_user_alpha,daily_hash,1,1,0,0,12.617733,0.013889,0.278487,12.325126,5.471000,8.362000,4776,0,4096,4,0,0,2,0,2,418,1
27,1,single_user_alpha,daily_http,1,1,0,0,1.216130,0.125770,0.071607,1.018402,1.376000,0.000000,4796,0,4096,3,0,0,3,1,2,515,1
28,1,single_user_alpha,daily_state,1,1,0,0,0.314584,0.040839,0.056381,0.217182,0.332000,0.000000,4796,0,4096,4,0,0,2,1,3,643,1
29,1,single_user_alpha,daily_ipc,1,1,0,0,0.636927,0.055699,0.036930,0.544112,0.554000,0.000000,4800,0,4096,4,0,0,2,1,4,715,1
30,1,single_user_alpha,daily_proc,1,1,0,0,0.163327,0.018203,0.066910,0.078027,0.171000,0.000000,4800,0,4096,3,0,0,2,1,5,739,1
31,1,single_user_alpha,daily_timer,1,1,0,0,2.292777,0.018524,0.059426,2.214650,0.427000,0.000000,4864,0,4096,4,0,0,2,1,6,755,1
32,1,single_user_alpha,daily_file,1,0,1,0,0.119020,0.004710,0.000067,0.114079,0.035000,0.093000,4864,0,4096,1,0,0,0,1,6,755,1
33,1,single_user_alpha,daily_hash,1,0,1,0,13.550676,0.003927,0.001098,13.545349,0.515000,11.256000,4864,0,4096,1,0,0,0,1,6,755,1
34,1,single_user_alpha,daily_http,1,0,1,0,1.033306,0.048591,0.000379,0.983995,0.000000,1.072000,4864,0,4096,1,0,0,0,1,6,755,1
35,1,single_user_alpha,daily_state,1,0,1,0,0.166904,0.005820,0.000156,0.160760,0.000000,0.179000,4864,0,4096,1,0,0,0,1,6,755,1
36,1,single_user_alpha,daily_ipc,1,0,1,0,0.525947,0.033734,0.000212,0.491796,0.000000,0.501000,4864,0,4096,1,0,0,0,1,6,755,1
37,1,single_user_alpha,daily_proc,1,0,1,0,0.407573,0.006575,0.000482,0.400195,0.000000,0.467000,4864,0,4096,1,0,0,0,1,6,755,1
38,1,single_user_alpha,daily_timer,1,0,1,0,2.431352,0.078484,0.000084,2.352595,0.000000,0.406000,4864,0,4096,1,0,0,0,1,6,755,1
39,1,single_user_alpha,daily_file,1,0,1,0,0.096528,0.004287,0.000047,0.092023,0.000000,0.105000,4864,0,4096,1,0,0,0,1,6,755,1
40,1,single_user_alpha,daily_hash,1,0,1,0,12.101636,0.004244,0.000667,12.096541,0.383000,12.809000,4864,0,4096,1,0,0,0,1,6,755,1
41,1,single_user_alpha,daily_http,1,0,1,0,1.119415,0.065827,0.000435,1.052964,0.271000,0.873000,4864,0,4096,1,0,0,0,1,6,755,1
42,1,single_user_alpha,daily_state,1,0,1,0,0.160460,0.005169,0.000123,0.154988,0.041000,0.131000,4864,0,4096,1,0,0,0,1,6,755,1
43,1,single_user_alpha,daily_ipc,1,0,1,0,0.456336,0.027353,0.000179,0.428632,0.110000,0.356000,4864,0,4096,1,0,0,0,1,6,755,1
44,1,single_user_alpha,daily_proc,1,0,1,0,0.166016,0.004396,0.000074,0.161375,0.041000,0.132000,4864,0,4096,1,0,0,0,1,6,755,1
45,1,single_user_alpha,daily_timer,1,0,1,0,2.367934,0.003897,0.000243,2.363624,0.071000,0.229000,4864,0,4096,1,0,0,0,1,6,755,1
46,1,single_user_alpha,daily_file,1,0,1,0,0.103293,0.004029,0.000095,0.099001,0.028000,0.088000,4864,0,4096,1,0,0,0,1,6,755,1
47,1,single_user_alpha,daily_hash,1,0,1,0,11.912332,0.003559,0.000612,11.907968,7.502000,4.902000,4864,0,8192,1,0,0,0,1,6,755,1
48,1,single_user_alpha,daily_http,1,0,1,0,1.084484,0.065010,0.000576,1.018716,0.264000,0.848000,4864,0,4096,1,0,0,0,1,6,755,1
49,1,single_user_alpha,daily_state,1,0,1,0,0.159347,0.006142,0.000087,0.152924,0.185000,0.000000,4864,0,4096,1,0,0,0,1,6,755,1
50,1,single_user_alpha,daily_ipc,1,0,1,0,0.438931,0.004252,0.000123,0.434389,0.451000,0.000000,4864,0,4096,1,0,0,0,1,6,755,1
51,1,single_user_alpha,daily_proc,1,0,1,0,0.171792,0.004437,0.000045,0.167144,0.179000,0.000000,4864,0,4096,1,0,0,0,1,6,755,1
52,1,single_user_alpha,daily_timer,1,0,1,0,2.341611,0.003486,0.000154,2.337806,0.273000,0.000000,4864,0,4096,1,0,0,0,1,6,755,1
53,1,single_user_alpha,daily_file,1,0,1,0,0.089033,0.003943,0.000041,0.084880,0.097000,0.000000,4864,0,4096,1,0,0,0,1,6,755,1
54,1,single_user_alpha,daily_hash,1,0,1,0,12.871084,0.003422,0.000559,12.866913,2.736000,11.053000,4864,0,4096,1,0,0,0,1,6,755,1
55,1,single_user_alpha,daily_http,1,0,1,0,1.055797,0.046020,0.000389,1.009201,1.079000,0.000000,4864,0,4096,1,0,0,0,1,6,755,1
56,1,single_user_alpha,daily_state,1,0,1,0,0.253219,0.005503,0.000100,0.247441,0.276000,0.000000,4864,0,4096,1,0,0,0,1,6,755,1
57,1,single_user_alpha,daily_ipc,1,0,1,0,0.442187,0.003890,0.000184,0.437931,0.446000,0.000000,4864,0,4096,1,0,0,0,1,6,755,1
58,1,single_user_alpha,daily_proc,1,0,1,0,0.135871,0.004844,0.000033,0.130817,0.146000,0.000000,4864,0,4096,1,0,0,0,1,6,755,1
59,1,single_user_alpha,daily_timer,1,0,1,0,2.362488,0.003372,0.000211,2.358727,0.288000,0.000000,4864,0,4096,1,0,0,0,1,6,755,1
60,1,single_user_alpha,daily_file,1,0,1,0,0.093553,0.004041,0.000057,0.089292,0.036000,0.065000,4864,0,4096,1,0,0,0,1,6,755,1
61,1,single_user_alpha,daily_hash,1,0,1,0,12.841720,0.003639,0.000503,12.837244,12.110000,1.143000,4864,0,4096,1,0,0,0,1,6,755,1
62,1,single_user_alpha,daily_http,1,0,1,0,1.055014,0.045362,0.000482,1.008905,0.000000,1.085000,4864,0,4096,1,0,0,0,1,6,755,1
63,1,single_user_alpha,daily_state,1,0,1,0,0.125769,0.005318,0.000063,0.120219,0.000000,0.145000,4864,0,4096,1,0,0,0,1,6,755,1
64,1,single_user_alpha,daily_ipc,1,0,1,0,0.493484,0.003572,0.000168,0.489576,0.000000,0.501000,4864,0,4096,1,0,0,0,1,6,755,1
65,1,single_user_alpha,daily_proc,1,0,1,0,0.122871,0.004809,0.000077,0.117825,0.000000,0.139000,4864,0,4096,1,0,0,0,1,6,755,1
66,1,single_user_alpha,daily_timer,1,0,1,0,2.308815,0.004073,0.000086,2.304492,0.000000,0.245000,4864,0,4096,1,0,0,0,1,6,755,1
67,1,single_user_alpha,daily_file,1,0,1,0,0.126752,0.003732,0.000067,0.122696,0.000000,0.133000,4864,0,4096,1,0,0,0,1,6,755,1
68,1,single_user_alpha,daily_hash,1,0,1,0,13.701991,0.003505,0.000488,13.697796,8.222000,6.030000,4864,0,4096,1,0,0,0,1,6,755,1
69,1,single_user_alpha,daily_http,1,0,1,0,1.108520,0.101048,0.000457,1.006826,0.000000,1.081000,4864,0,4096,1,0,0,0,1,6,755,1
70,1,single_user_alpha,daily_state,1,0,1,0,0.194542,0.004965,0.000122,0.189283,0.000000,0.203000,4864,0,4096,1,0,0,0,1,6,755,1
71,1,single_user_alpha,daily_ipc,1,0,1,0,0.524046,0.003621,0.000186,0.519976,0.000000,0.537000,4864,0,4096,1,0,0,0,1,6,755,1
72,1,single_user_alpha,daily_proc,1,0,1,0,0.180881,0.004852,0.000087,0.175775,0.000000,0.191000,4864,0,4096,1,0,0,0,1,6,755,1
73,1,single_user_alpha,daily_timer,1,0,1,0,2.379016,0.003587,0.000087,2.375181,0.000000,0.307000,4864,0,4096,1,0,0,0,1,6,755,1
74,1,single_user_alpha,daily_file,1,0,1,0,0.143114,0.003907,0.000056,0.138976,0.000000,0.150000,4864,0,4096,1,0,0,0,1,6,755,1
75,1,single_user_alpha,daily_hash,1,0,1,0,12.891541,0.003848,0.000509,12.886911,6.394000,6.916000,4864,0,4096,1,0,0,0,1,6,755,1
76,1,single_user_alpha,daily_http,1,0,1,0,1.018764,0.046885,0.000497,0.971195,0.322000,0.725000,4864,0,4096,1,0,0,0,1,6,755,1
77,1,single_user_alpha,daily_state,1,0,1,0,0.171327,0.005610,0.000176,0.165359,0.062000,0.140000,4864,0,4096,1,0,0,0,1,6,755,1
78,1,single_user_alpha,daily_ipc,1,0,1,0,0.498396,0.004420,0.000194,0.493603,0.165000,0.371000,4864,0,4096,1,0,0,0,1,6,755,1
79,1,single_user_alpha,daily_proc,1,0,1,0,0.135033,0.004714,0.000035,0.130114,0.044000,0.100000,4864,0,4096,1,0,0,0,1,6,755,1
80,1,single_user_alpha,daily_timer,1,0,1,0,2.417348,0.004054,0.000237,2.412895,0.095000,0.215000,4864,0,4096,1,0,0,0,1,6,755,1
81,1,single_user_alpha,daily_file,1,0,1,0,0.200687,0.004490,0.000070,0.195957,0.065000,0.145000,4864,0,4096,1,0,0,0,1,6,755,1
82,1,single_user_alpha,daily_hash,1,0,1,0,14.406553,0.003996,0.000653,14.401638,6.976000,7.878000,4864,0,4096,1,0,0,0,1,6,755,1
83,1,single_user_alpha,daily_http,1,0,1,0,0.990485,0.046378,0.000390,0.943526,0.315000,0.709000,4864,0,4096,1,0,0,0,1,6,755,1
84,1,single_user_alpha,daily_state,1,0,1,0,0.259025,0.033618,0.000144,0.225071,0.082000,0.185000,4864,0,4096,1,0,0,0,1,6,755,1
85,1,single_user_alpha,daily_ipc,1,0,1,0,0.584234,0.003759,0.000198,0.580106,0.174000,0.392000,4864,0,4096,1,0,0,0,1,6,755,1
86,1,single_user_alpha,daily_proc,1,0,1,0,0.196856,0.033006,0.000070,0.163610,0.062000,0.141000,4864,0,4096,1,0,0,0,1,6,755,1
87,1,single_user_alpha,daily_timer,1,0,1,0,2.311999,0.003877,0.000088,2.307879,0.075000,0.170000,4864,0,4096,1,0,0,0,1,6,755,1
88,1,single_user_alpha,daily_file,1,0,1,0,0.139294,0.003888,0.000080,0.135155,0.045000,0.101000,4864,0,4096,1,0,0,0,1,6,755,1
89,1,single_user_alpha,daily_hash,1,0,1,0,12.590841,0.003729,0.000524,12.586263,8.000000,5.201000,4864,0,4096,1,0,0,0,1,6,755,1
90,1,single_user_alpha,daily_http,1,0,1,0,0.983399,0.085359,0.000402,0.897353,0.000000,1.013000,4864,0,4096,1,0,0,0,1,6,755,1
91,1,single_user_alpha,daily_state,1,0,1,0,0.117865,0.005177,0.000048,0.112464,0.000000,0.137000,4864,0,4096,1,0,0,0,1,6,755,1
92,1,single_user_alpha,daily_ipc,1,0,1,0,0.595422,0.003885,0.000195,0.591177,0.000000,0.576000,4864,0,4096,1,0,0,0,1,6,755,1
93,1,single_user_alpha,daily_proc,1,0,1,0,0.161880,0.004745,0.000057,0.156907,0.000000,0.169000,4864,0,4096,1,0,0,0,1,6,755,1
94,1,single_user_alpha,daily_timer,1,0,1,0,2.310028,0.003605,0.000084,2.306174,0.000000,0.254000,4864,0,4096,1,0,0,0,1,6,755,1
95,1,single_user_alpha,daily_file,1,0,1,0,0.085766,0.003909,0.000055,0.081633,0.000000,0.093000,4864,0,4096,1,0,0,0,1,6,755,1
96,1,single_user_alpha,daily_hash,1,0,1,0,11.754710,0.050016,0.000388,11.703872,10.539000,1.620000,4864,0,4096,1,0,0,0,1,6,755,1
97,1,single_user_alpha,daily_http,1,0,1,0,0.836823,0.043967,0.000433,0.792156,0.866000,0.000000,4864,0,4096,1,0,0,0,1,6,755,1
98,1,single_user_alpha,daily_state,1,0,1,0,0.121061,0.005168,0.000077,0.115647,0.141000,0.000000,4864,0,8192,1,0,0,0,1,6,755,1
99,1,single_user_alpha,daily_ipc,1,0,1,0,0.459062,0.003619,0.000171,0.455100,0.469000,0.000000,4864,0,4096,1,0,0,0,1,6,755,1
100,1,single_user_alpha,daily_proc,1,0,1,0,0.130182,0.004856,0.000047,0.125121,0.103000,0.036000,4864,0,4096,1,0,0,0,1,6,756,1
101,1,single_user_alpha,daily_timer,1,0,1,0,2.311340,0.003933,0.000085,2.307157,0.081000,0.178000,4864,0,4096,1,0,0,0,1,6,757,1
102,1,single_user_alpha,daily_file,1,0,1,0,0.082395,0.004035,0.000055,0.078135,0.028000,0.062000,4864,0,4096,1,0,0,0,1,6,758,1
103,1,single_user_alpha,daily_hash,1,0,1,0,11.339410,0.003703,0.000381,11.335086,1.593000,10.226000,4864,0,4096,1,0,0,0,1,6,759,1
104,1,single_user_alpha,daily_http,1,0,1,0,0.848375,0.044927,0.000451,0.802801,0.871000,0.000000,4864,0,4096,1,0,0,0,1,6,760,1
105,1,single_user_alpha,daily_state,1,0,1,0,0.116479,0.005479,0.000051,0.110784,0.162000,0.000000,4864,0,4096,1,0,0,0,1,6,761,1
106,1,single_user_alpha,daily_ipc,1,0,1,0,0.421845,0.003933,0.000208,0.417532,0.427000,0.000000,4864,0,4096,1,0,0,0,1,6,762,1
107,1,single_user_alpha,daily_proc,1,0,1,0,0.196949,0.030477,0.000142,0.166159,0.204000,0.000000,4864,0,4096,1,0,0,0,1,6,762,1
108,1,single_user_alpha,daily_timer,1,0,1,0,2.268160,0.004320,0.000087,2.263592,0.216000,0.054000,4864,0,4096,1,0,0,0,1,6,762,1
109,2,connected_alpha,connected_00,1,1,0,0,0.336986,0.147925,0.096434,0.092434,0.120000,0.225000,4864,0,4096,3,0,0,2,1,7,787,1
110,2,connected_alpha,connected_01,1,1,0,0,0.590317,0.029235,0.128930,0.431971,0.208000,0.393000,4864,0,4096,5,0,0,2,1,8,832,1
111,2,connected_alpha,connected_02,1,1,0,0,12.583290,0.021372,0.471367,12.090293,7.999000,5.039000,4864,0,4096,2,0,0,1,1,8,857,1
112,2,connected_alpha,connected_03,1,1,0,0,0.320440,0.110048,0.103859,0.106358,0.117000,0.220000,4864,0,4096,2,0,0,2,1,9,874,1
113,2,connected_alpha,connected_04,1,1,0,0,0.610129,0.053707,0.094932,0.461278,0.216000,0.407000,4864,0,4096,4,0,0,2,1,10,901,1
114,2,connected_alpha,connected_05,1,1,0,0,0.490797,0.033321,0.108110,0.349152,0.000000,0.483000,4872,0,4096,4,0,0,3,1,10,944,1
115,2,connected_alpha,connected_06,1,1,0,0,2.468382,0.030034,0.105480,2.332676,0.000000,0.405000,4872,0,4096,3,0,0,2,1,11,969,1
116,2,connected_alpha,connected_07,1,1,0,0,0.942747,0.030960,0.153580,0.757980,0.844000,0.000000,4880,0,4096,4,0,0,2,1,12,1002,1
117,2,connected_alpha,connected_08,1,1,0,0,11.346064,0.031470,0.629157,10.685185,6.673000,5.140000,4880,0,4096,4,0,0,3,1,12,1017,1
118,2,connected_alpha,connected_09,1,1,0,0,0.539793,0.112328,0.101535,0.325716,0.000000,0.530000,4884,0,4096,5,0,0,2,1,13,1029,1
119,2,connected_alpha,connected_10,1,1,0,0,0.326682,0.052263,0.107237,0.166987,0.000000,0.336000,4892,0,4096,3,0,0,2,2,13,1044,1
120,2,connected_alpha,connected_11,1,1,0,0,2.592792,0.033904,0.240255,2.318434,0.000000,0.529000,4892,0,4096,4,0,0,3,2,13,1115,1
121,2,connected_alpha,connected_12,1,1,0,0,0.367322,0.034574,0.245380,0.087162,0.000000,0.376000,4892,0,4096,2,0,0,2,2,14,1135,1
122,2,connected_alpha,connected_13,1,1,0,0,1.030055,0.032485,0.280999,0.716350,1.032000,0.000000,4920,0,4096,2,0,0,2,2,15,1155,1
123,2,connected_alpha,connected_14,1,1,0,0,12.445747,0.026327,0.828357,11.590798,5.502000,7.425000,4920,0,4096,2,0,0,3,3,15,1165,1
124,2,connected_alpha,connected_15,1,1,0,0,0.634941,0.139610,0.410465,0.084674,0.242000,0.408000,4920,0,4096,2,0,0,2,3,16,1232,1
125,2,connected_alpha,connected_16,1,1,0,0,0.880294,0.073909,0.382493,0.423685,0.331000,0.556000,4920,0,4096,3,0,0,2,3,17,1248,1
126,2,connected_alpha,connected_17,1,1,0,0,0.797837,0.038598,0.405199,0.353812,0.000000,0.752000,4920,0,4096,3,0,0,3,4,17,1267,1
127,2,connected_alpha,connected_18,1,1,0,0,2.616068,0.038965,0.460656,2.116238,0.000000,0.752000,4920,0,4096,2,0,0,2,4,18,1339,1
128,2,connected_alpha,connected_19,1,1,0,0,1.445203,0.075714,0.494631,0.874638,0.000000,1.329000,4928,0,4096,3,0,0,2,4,19,1353,1
129,2,connected_alpha,connected_20,1,1,0,0,18.669228,0.039403,7.095235,11.534281,4.993000,13.974000,4928,0,4096,3,0,0,2,4,20,1368,1
130,2,connected_alpha,connected_21,1,1,0,0,0.911205,0.146660,0.382146,0.382185,0.000000,1.109000,4928,0,4096,4,0,0,2,5,20,1380,1
131,2,connected_alpha,connected_22,1,1,0,0,0.995947,0.074557,0.680881,0.240278,0.000000,1.007000,4936,0,4096,2,0,0,1,5,20,1450,1
132,2,connected_alpha,connected_23,1,1,0,0,2.995982,0.046015,0.640536,2.309228,0.000000,1.076000,4936,0,4096,3,0,0,1,5,20,1472,1
133,2,connected_alpha,connected_24,1,1,0,0,1.061821,0.168261,0.774158,0.119197,0.343000,0.729000,4936,0,4096,1,0,0,3,6,20,1492,1
134,2,connected_alpha,connected_25,1,1,0,0,1.516070,0.048128,0.824073,0.643642,0.000000,1.522000,4960,0,4096,1,0,0,1,6,20,1534,1
135,2,connected_alpha,connected_26,1,1,0,0,14.157864,0.039256,1.368577,12.749765,0.420000,14.423000,4960,0,4096,1,0,0,1,6,20,1544,1
136,2,connected_alpha,connected_27,1,1,0,0,1.291374,0.286003,0.910500,0.094644,1.318000,0.000000,4960,0,4096,1,0,0,1,6,20,1559,1
137,2,connected_alpha,connected_28,1,1,0,0,1.360472,0.115299,0.733172,0.511783,1.236000,0.000000,4960,0,4096,3,0,0,2,7,20,1575,1
138,2,connected_alpha,connected_29,1,1,0,0,1.456066,0.053696,1.110666,0.291479,1.615000,0.000000,4960,0,4096,1,0,0,1,7,20,1663,1
139,2,connected_alpha,connected_30,1,1,0,0,3.662256,0.097752,1.263215,2.301061,1.651000,0.000000,4960,0,4096,1,0,0,3,8,20,1689,1
140,2,connected_alpha,connected_31,1,1,0,0,1.760344,0.052004,0.993035,0.715085,1.713000,0.000000,4964,0,4096,1,0,0,1,8,20,1733,1
141,2,connected_alpha,connected_32,1,1,0,0,17.352851,0.053927,1.507037,15.791608,13.225000,4.523000,4964,0,4096,1,0,0,1,8,20,1748,1
142,2,connected_alpha,connected_33,1,1,0,0,1.652148,0.206025,0.886435,0.559477,1.854000,0.000000,4964,0,4096,3,0,0,1,8,20,1760,1
143,2,connected_alpha,connected_34,1,1,0,0,1.092408,0.118152,0.749836,0.224221,1.044000,0.070000,4972,0,4096,2,0,0,1,8,20,1775,1
144,2,connected_alpha,connected_35,1,1,0,0,3.287415,0.057112,1.068735,2.161339,1.434000,0.000000,4972,0,4096,3,0,0,2,9,20,1797,1
145,2,connected_alpha,connected_36,1,1,0,0,1.634779,0.143735,1.383243,0.107565,1.648000,0.000000,4972,0,4096,1,0,0,1,9,20,1877,1
146,2,connected_alpha,connected_37,1,1,0,0,2.542503,0.093408,1.761017,0.687862,2.555000,0.000000,4996,0,4096,1,0,0,3,10,20,1897,1
147,2,connected_alpha,connected_38,1,1,0,0,16.441993,0.052272,1.889750,14.499723,11.620000,5.323000,4996,0,4096,1,0,0,1,10,20,1948,1
148,2,connected_alpha,connected_39,1,1,0,0,2.361241,0.308475,1.877354,0.175187,2.588000,0.000000,4996,0,4096,1,0,0,1,10,20,1963,1
149,2,connected_alpha,connected_40,1,1,0,0,1.837188,0.150721,1.281952,0.404285,1.386000,0.434000,4996,0,4096,1,0,0,1,10,20,1979,1
150,2,connected_alpha,connected_41,1,1,0,0,2.225529,0.068548,1.845898,0.310840,0.000000,2.268000,4996,0,4096,1,0,0,3,11,20,1998,1
151,2,connected_alpha,connected_42,1,1,0,0,4.065207,0.067600,1.737647,2.259754,0.318000,1.728000,4996,0,4096,1,0,0,1,11,20,2065,1
152,2,connected_alpha,connected_43,1,1,0,0,3.011383,0.109416,2.060416,0.841322,1.249000,1.632000,5004,0,4096,1,0,0,3,12,20,2079,1
153,2,connected_alpha,connected_44,1,1,0,0,16.152463,0.070229,2.831708,13.250299,3.681000,13.125000,5004,0,4096,1,0,0,3,13,20,2126,1
154,2,connected_alpha,connected_45,1,1,0,0,2.747256,0.333766,2.060326,0.352940,1.154000,1.616000,5004,0,4096,3,0,0,2,14,20,2172,1
155,2,connected_alpha,connected_46,1,1,0,0,1.999268,0.119873,1.654281,0.224867,2.025000,0.000000,5012,0,4096,2,0,0,1,14,20,2217,1
156,2,connected_alpha,connected_47,1,1,0,0,5.250263,0.077656,2.840815,2.331548,3.188000,0.000000,5012,0,4096,1,0,0,1,14,20,2239,1
157,2,connected_alpha,connected_00,1,0,1,0,0.243225,0.088836,0.000186,0.153996,0.264000,0.000000,5012,0,4096,1,0,0,0,14,20,2242,1
158,2,connected_alpha,connected_01,1,0,1,0,0.668618,0.032413,0.000239,0.635776,0.306000,0.384000,5032,0,4096,1,0,0,0,14,20,2245,1
159,2,connected_alpha,connected_02,1,0,1,0,11.761441,0.034046,0.000394,11.726712,7.579000,5.313000,5032,0,4096,1,0,0,0,14,20,2238,1
160,2,connected_alpha,connected_03,1,0,1,0,0.231276,0.094903,0.000098,0.136081,0.256000,0.000000,5032,0,4096,1,0,0,0,14,20,2236,1
161,2,connected_alpha,connected_04,1,0,1,0,0.371372,0.076813,0.000155,0.294189,0.383000,0.000000,5032,0,4096,1,0,0,0,14,20,2235,1
162,2,connected_alpha,connected_05,1,0,1,0,0.361465,0.033904,0.000267,0.327059,0.368000,0.000000,5032,0,4096,1,0,0,0,14,20,2237,1
163,2,connected_alpha,connected_06,1,0,1,0,2.416395,0.066891,0.000462,2.348802,0.668000,0.000000,5032,0,4096,1,0,0,0,14,20,2246,1
164,2,connected_alpha,connected_07,1,0,1,0,0.653241,0.034906,0.000217,0.617912,0.669000,0.000000,5032,0,4096,1,0,0,0,14,20,2243,1
165,2,connected_alpha,connected_08,1,0,1,0,12.833732,0.035688,0.000435,12.797418,2.663000,8.524000,5032,0,8192,1,0,0,0,14,20,2241,1
166,2,connected_alpha,connected_09,1,0,1,0,0.478861,0.132392,0.000138,0.346117,0.216000,0.243000,5032,0,4096,1,0,0,0,14,20,2236,1
167,2,connected_alpha,connected_10,1,0,1,0,0.255604,0.064822,0.000195,0.190369,0.126000,0.142000,5032,0,4096,1,0,0,0,14,20,2234,1
168,2,connected_alpha,connected_11,1,0,1,0,2.414068,0.033856,0.000418,2.379576,0.456000,0.000000,5032,0,4096,1,0,0,0,14,20,2239,1
169,2,connected_alpha,connected_12,1,0,1,0,0.169253,0.034452,0.000080,0.134497,0.184000,0.000000,5032,0,4096,1,0,0,0,14,20,2242,1
170,2,connected_alpha,connected_13,1,0,1,0,0.642675,0.063248,0.000196,0.578918,0.658000,0.000000,5032,0,4096,1,0,0,0,14,20,2245,1
171,2,connected_alpha,connected_14,1,0,1,0,10.754242,0.033553,0.000463,10.720025,7.972000,3.211000,5032,0,4096,1,0,0,0,14,20,2238,1
172,2,connected_alpha,connected_15,1,0,1,0,0.238259,0.096081,0.000097,0.141883,0.135000,0.140000,5032,0,4096,1,0,0,0,14,20,2236,1
173,2,connected_alpha,connected_16,1,0,1,0,0.295993,0.056480,0.000094,0.239180,0.000000,0.306000,5032,0,4096,1,0,0,0,14,20,2235,1
174,2,connected_alpha,connected_17,1,0,1,0,0.386097,0.033026,0.000138,0.352744,0.000000,0.383000,5032,0,4096,1,0,0,0,14,20,2237,1
175,2,connected_alpha,connected_18,1,0,1,0,2.403635,0.032830,0.000240,2.370383,0.000000,0.473000,5032,0,4096,1,0,0,0,14,20,2246,1
176,2,connected_alpha,connected_19,1,0,1,0,0.782528,0.070315,0.000243,0.711752,0.318000,0.342000,5032,0,4096,1,0,0,0,14,20,2243,1
177,2,connected_alpha,connected_20,1,0,1,0,11.709705,0.033459,0.000444,11.675595,0.000000,12.115000,5032,0,4096,1,0,0,0,14,20,2241,1
178,2,connected_alpha,connected_21,1,0,1,0,0.380445,0.083692,0.000262,0.296303,0.000000,0.378000,5032,0,4096,1,0,0,0,14,20,2236,1
179,2,connected_alpha,connected_22,1,0,1,0,0.284793,0.066369,0.000179,0.218027,0.314000,0.000000,5032,0,4096,1,0,0,0,14,20,2234,1
180,2,connected_alpha,connected_23,1,0,1,0,2.385670,0.032570,0.000222,2.352679,0.336000,0.000000,5032,0,4096,1,0,0,0,14,20,2239,1
181,3,compositional_beta,beta_000,1,1,0,0,3.619774,0.273987,3.247704,0.097811,3.648000,0.000000,5032,0,4096,1,0,0,1,14,20,2251,1
182,3,compositional_beta,beta_001,1,1,0,0,3.274142,0.151212,2.763649,0.359033,3.171000,0.000000,5032,0,4096,1,0,0,1,14,20,2260,1
183,3,compositional_beta,beta_002,1,1,0,0,2.071389,0.111903,1.762883,0.196395,2.092000,0.000000,5032,0,4096,2,0,0,2,14,19,2260,1
184,3,compositional_beta,beta_003,1,1,0,0,3.949942,0.081796,3.790521,0.077348,3.976000,0.000000,5032,0,4096,1,0,0,2,14,20,2267,1
185,3,compositional_beta,beta_004,1,1,0,0,16.168636,0.076699,3.696506,12.395196,15.322000,1.698000,5032,0,4096,1,0,0,2,14,19,2276,1
186,3,compositional_beta,beta_005,1,1,0,0,4.967654,0.315335,3.853001,0.799079,4.409000,0.583000,5048,0,4096,1,0,0,2,14,20,2290,1
187,3,compositional_beta,beta_006,1,1,0,0,4.957588,0.190611,2.473249,2.293511,2.901000,0.000000,5048,0,4096,3,0,0,2,14,19,2326,1
188,3,compositional_beta,beta_007,1,1,0,0,4.046743,0.081200,3.883388,0.081911,4.080000,0.000000,5048,0,4096,1,0,0,4,15,18,2327,1
189,3,compositional_beta,beta_008,1,1,0,0,4.528337,0.120288,3.985232,0.422579,4.465000,0.000000,5052,0,4096,1,0,0,2,15,19,2363,1
190,3,compositional_beta,beta_009,1,1,0,0,4.364203,0.086142,4.061986,0.215864,4.388000,0.000000,5056,0,4096,2,0,0,2,15,20,2379,1
191,3,compositional_beta,beta_010,1,1,0,0,4.957252,0.083080,4.802053,0.071893,4.971000,0.000000,5056,0,4096,1,0,0,3,16,20,2405,1
192,3,compositional_beta,beta_011,1,1,0,0,16.952452,0.085949,4.208084,12.658171,10.362000,7.253000,5056,0,4096,1,0,0,1,16,20,2434,1
193,3,compositional_beta,beta_012,1,1,0,0,6.197082,0.482130,5.000129,0.714585,6.211000,0.000000,5080,0,4096,1,0,0,1,16,20,2457,1
194,3,compositional_beta,beta_013,1,1,0,0,6.430044,0.251516,3.884998,2.293297,4.392000,0.000000,5080,0,4096,2,0,0,1,16,20,2461,1
195,3,compositional_beta,beta_014,1,1,0,0,5.096535,0.103719,4.903280,0.089299,5.109000,0.000000,5080,0,4096,1,0,0,1,16,20,2457,1
196,3,compositional_beta,beta_015,1,1,0,0,6.643330,0.103429,6.284817,0.254840,6.661000,0.000000,5080,0,4096,2,0,0,1,16,20,2487,1
197,3,compositional_beta,beta_016,1,1,0,0,7.317514,0.179108,6.852352,0.285822,6.665000,0.665000,5084,0,4096,2,0,0,2,17,20,2485,1
198,3,compositional_beta,beta_017,1,1,0,0,6.718342,0.191112,6.422876,0.104112,6.804000,0.000000,5084,0,4096,1,0,0,1,17,20,2516,1
199,3,compositional_beta,beta_018,1,1,0,0,21.580331,0.106111,7.948835,13.525124,10.972000,11.224000,5084,0,4096,3,0,0,1,17,20,2542,1
200,3,compositional_beta,beta_019,1,1,0,0,7.373170,0.436211,5.946424,0.990303,3.539000,3.783000,5108,0,4096,1,0,0,1,17,20,2565,1
201,3,compositional_beta,beta_020,1,1,0,0,7.733516,0.202668,5.183929,2.346664,5.688000,0.000000,5108,0,4096,2,0,0,2,18,20,2569,1
202,3,compositional_beta,beta_021,1,1,0,0,6.982181,0.102051,6.782206,0.097680,7.024000,0.000000,5108,0,4096,1,0,0,1,18,20,2598,1
203,3,compositional_beta,beta_022,1,1,0,0,7.129883,0.102611,6.759096,0.267952,7.141000,0.000000,5108,0,4096,1,0,0,1,18,20,2616,1
204,3,compositional_beta,beta_023,1,1,0,0,3.537468,0.094575,3.156044,0.286613,0.526000,3.045000,5108,0,4096,1,0,0,2,18,19,2602,1
205,3,compositional_beta,beta_024,1,1,0,0,7.895334,0.105545,7.570193,0.219366,7.950000,0.000000,5108,0,4096,1,0,0,2,18,20,2628,1
206,3,compositional_beta,beta_025,1,1,0,0,20.175001,0.097893,6.781997,13.294872,14.227000,6.809000,5112,0,4096,1,0,0,1,18,20,2636,1
207,3,compositional_beta,beta_026,1,1,0,0,9.442170,0.474367,8.019066,0.948511,9.344000,0.000000,5128,0,4096,1,0,0,1,18,20,2641,1
208,3,compositional_beta,beta_027,1,1,0,0,8.739812,0.222449,6.169694,2.347432,6.671000,0.000000,5128,0,4096,3,0,0,1,18,20,2663,1
209,3,compositional_beta,beta_028,1,1,0,0,7.795819,0.156763,7.484309,0.154515,7.824000,0.000000,5128,0,4096,1,0,0,1,18,20,2677,1
210,3,compositional_beta,beta_029,1,1,0,0,7.551626,0.104243,7.103340,0.343830,7.489000,0.000000,5128,0,4096,1,0,0,1,18,20,2695,1
211,3,compositional_beta,beta_030,1,1,0,0,7.828694,0.103298,7.452228,0.272961,7.846000,0.000000,5132,0,4096,2,0,0,1,18,20,2711,1
212,3,compositional_beta,beta_031,1,1,0,0,8.504269,0.102877,8.322397,0.078780,8.542000,0.000000,5132,0,4096,1,0,0,1,18,20,2737,1
213,3,compositional_beta,beta_032,1,1,0,0,20.746760,0.239977,7.254439,13.252096,14.475000,7.084000,5132,0,4096,1,0,0,1,18,20,2745,1
214,3,compositional_beta,beta_033,1,1,0,0,9.771807,0.458174,8.566024,0.747403,6.359000,3.428000,5148,0,4096,1,0,0,1,18,20,2768,1
215,3,compositional_beta,beta_034,1,1,0,0,8.716301,0.228994,6.142169,2.344904,5.895000,0.765000,5148,0,8192,1,0,0,1,18,20,2772,1
216,3,compositional_beta,beta_035,1,1,0,0,8.818656,0.145796,8.559599,0.113035,8.856000,0.000000,5148,0,4096,1,0,0,1,18,20,2768,1
217,3,compositional_beta,beta_036,1,1,0,0,8.486215,0.103163,8.144266,0.238546,8.538000,0.000000,5148,0,4096,1,0,0,1,18,20,2786,1
218,3,compositional_beta,beta_037,1,1,0,0,3.862631,0.089660,3.542688,0.230077,3.879000,0.000000,5152,0,4096,1,0,0,1,18,20,2784,1
219,3,compositional_beta,beta_038,1,1,0,0,9.674233,0.100803,9.406618,0.166578,9.705000,0.000000,5152,0,4096,1,0,0,1,18,20,2792,1
220,3,compositional_beta,beta_039,1,1,0,0,25.548598,0.107947,12.050181,13.390234,16.045000,10.978000,5152,0,4096,3,0,0,1,18,20,2818,1
221,3,compositional_beta,beta_040,1,1,0,0,10.200934,0.542176,8.804915,0.853624,10.077000,0.188000,5172,0,4096,1,0,0,1,18,20,2841,1
222,3,compositional_beta,beta_041,1,1,0,0,9.829588,0.308020,6.884471,2.636748,6.854000,0.929000,5172,0,4096,1,0,0,1,18,20,2845,1
223,3,compositional_beta,beta_042,1,1,0,0,9.971636,0.205335,9.552199,0.213781,10.033000,0.000000,5172,0,4096,1,0,0,1,18,20,2859,1
224,3,compositional_beta,beta_043,1,1,0,0,9.596491,0.218360,8.849917,0.527972,9.513000,0.000000,5172,0,4096,1,0,0,1,18,20,2877,1
225,3,compositional_beta,beta_044,1,1,0,0,4.369996,0.158307,3.867912,0.343577,4.308000,0.079000,5176,0,4096,1,0,0,1,18,20,2875,1
226,3,compositional_beta,beta_045,1,1,0,0,8.948214,0.111209,8.705357,0.131330,9.038000,0.000000,5176,0,4096,1,0,0,1,18,20,2901,1
227,3,compositional_beta,beta_046,1,1,0,0,21.760372,0.108085,8.035092,13.616906,15.761000,7.085000,5176,0,4096,1,0,0,1,18,20,2909,1
228,3,compositional_beta,beta_047,1,1,0,0,10.525027,0.436315,9.179159,0.909309,10.571000,0.000000,5192,0,4096,1,0,0,1,18,20,2914,1
229,3,compositional_beta,beta_048,1,1,0,0,10.647183,0.309019,7.982026,2.355884,8.423000,0.200000,5192,0,4096,3,0,0,1,18,20,2936,1
230,3,compositional_beta,beta_049,1,1,0,0,9.193694,0.156594,8.882353,0.154530,5.920000,3.319000,5192,0,4096,1,0,0,1,18,20,2950,1
231,3,compositional_beta,beta_050,1,1,0,0,13.104854,0.160965,12.631050,0.312611,13.128000,0.000000,5192,0,4096,2,0,0,1,18,20,2980,1
232,3,compositional_beta,beta_051,1,1,0,0,9.393898,0.104709,9.053266,0.235717,9.454000,0.000000,5192,0,4096,2,0,0,1,18,20,2996,1
233,3,compositional_beta,beta_052,1,1,0,0,9.754722,0.102685,9.568886,0.082929,9.770000,0.000000,5192,0,4096,1,0,0,1,18,20,3022,1
234,3,compositional_beta,beta_053,1,1,0,0,22.982166,0.100413,9.145331,13.736187,20.277000,3.901000,5192,0,4096,1,0,0,1,18,20,3030,1
235,3,compositional_beta,beta_054,1,1,0,0,13.034583,0.612910,11.459917,0.961518,13.128000,0.199000,5212,0,4096,1,0,0,1,18,20,3053,1
236,3,compositional_beta,beta_055,1,1,0,0,10.314829,0.308233,7.670951,2.335388,8.304000,0.000000,5212,0,4096,1,0,0,1,18,20,3057,1
237,3,compositional_beta,beta_056,1,1,0,0,10.837248,0.197200,10.518515,0.121318,10.852000,0.000000,5212,0,4096,1,0,0,1,18,20,3053,1
238,3,compositional_beta,beta_057,1,1,0,0,10.050204,0.105094,9.685775,0.259002,10.052000,0.000000,5212,0,4096,1,0,0,1,18,20,3071,1
239,3,compositional_beta,beta_058,1,1,0,0,4.609566,0.091864,4.273441,0.244019,4.626000,0.000000,5216,0,4096,1,0,0,1,18,20,3057,1
240,3,compositional_beta,beta_059,1,1,0,0,11.594042,0.113611,11.207974,0.272248,11.646000,0.000000,5216,0,4096,1,0,0,1,18,20,3065,1
241,3,compositional_beta,beta_060,1,1,0,0,29.895585,0.207249,15.503018,14.184883,14.499000,15.852000,5216,0,4096,3,0,0,1,18,20,3091,1
242,3,compositional_beta,beta_061,1,1,0,0,14.134830,0.769772,12.277600,1.086926,14.133000,0.000000,5232,0,4096,1,0,0,1,18,20,3114,1
243,3,compositional_beta,beta_062,1,1,0,0,11.874081,0.274492,9.210170,2.389183,9.891000,0.000000,5232,0,4096,1,0,0,1,18,20,3118,1
244,3,compositional_beta,beta_063,1,1,0,0,12.704764,0.197895,12.330959,0.175691,12.780000,0.000000,5232,0,4096,1,0,0,1,18,20,3132,1
245,3,compositional_beta,beta_064,1,1,0,0,11.833470,0.116010,11.326760,0.390483,11.836000,0.000000,5232,0,4096,1,0,0,1,18,20,3150,1
246,3,compositional_beta,beta_065,1,1,0,0,5.111506,0.179039,4.621901,0.310343,5.146000,0.000000,5236,0,4096,1,0,0,1,18,20,3148,1
247,3,compositional_beta,beta_066,1,1,0,0,12.092518,0.116361,11.718120,0.257824,12.149000,0.000000,5236,0,4096,1,0,0,1,18,20,3174,1
248,3,compositional_beta,beta_067,1,1,0,0,24.616990,0.121573,10.897768,13.597139,13.646000,11.692000,5236,0,4096,1,0,0,1,18,20,3182,1
249,3,compositional_beta,beta_068,1,1,0,0,13.801795,0.547270,12.305652,0.948384,13.704000,0.110000,5256,0,4096,1,0,0,1,18,20,3187,1
250,3,compositional_beta,beta_069,1,1,0,0,12.988319,0.292291,10.260099,2.435241,10.610000,0.418000,5256,0,4096,3,0,0,2,19,20,3209,1
251,3,compositional_beta,beta_070,1,1,0,0,14.368767,0.193322,14.006713,0.168232,14.476000,0.000000,5256,0,4096,1,0,0,1,19,20,3262,1
252,3,compositional_beta,beta_071,1,1,0,0,13.043965,0.130102,12.546537,0.366936,13.114000,0.000000,5256,0,4096,1,0,0,1,19,20,3280,1
253,3,compositional_beta,beta_072,1,1,0,0,14.258126,0.122190,13.826379,0.309330,14.336000,0.000000,5260,0,4096,2,0,0,2,20,20,3296,1
254,3,compositional_beta,beta_073,1,1,0,0,15.287998,0.125937,15.026541,0.135290,15.349000,0.000000,5260,0,4096,1,0,0,1,20,20,3363,1
255,3,compositional_beta,beta_074,1,1,0,0,27.312108,0.178652,14.071711,13.061267,24.713000,3.620000,5260,0,4096,1,0,0,1,20,20,3371,1
256,3,compositional_beta,beta_075,1,1,0,0,14.944506,0.556561,13.435555,0.951871,15.006000,0.000000,5280,0,4096,1,0,0,1,20,20,3394,1
257,3,compositional_beta,beta_076,1,1,0,0,13.610758,0.263999,10.884564,2.461866,8.254000,3.356000,5280,0,4096,1,0,0,1,20,20,3398,1
258,3,compositional_beta,beta_077,1,1,0,0,14.516066,0.173248,14.191259,0.151069,14.314000,0.305000,5280,0,4096,1,0,0,1,20,20,3394,1
259,3,compositional_beta,beta_078,1,1,0,0,14.338588,0.188484,13.729172,0.420283,14.404000,0.000000,5284,0,4096,1,0,0,1,20,20,3412,1
260,3,compositional_beta,beta_079,1,1,0,0,6.121343,0.107983,5.753981,0.258905,6.160000,0.000000,5284,0,8192,1,0,0,1,20,20,3410,1
261,3,compositional_beta,beta_080,1,1,0,0,15.232986,0.123493,14.983031,0.125964,15.298000,0.000000,5284,0,4096,1,0,0,1,20,20,3418,1
262,3,compositional_beta,beta_081,1,1,0,0,37.751278,0.155199,21.050137,16.545192,31.079000,8.555000,5288,0,4096,3,0,0,2,21,20,3444,1
263,3,compositional_beta,beta_082,1,1,0,0,17.603037,0.464710,16.221901,0.916201,13.908000,3.812000,5304,0,4096,1,0,0,1,21,20,3507,1
264,3,compositional_beta,beta_083,1,1,0,0,15.949638,0.294054,13.181181,2.474181,13.735000,0.279000,5304,0,4096,1,0,0,1,21,20,3511,1
265,3,compositional_beta,beta_084,1,1,0,0,16.007875,0.219108,15.581126,0.207429,16.070000,0.000000,5304,0,4096,1,0,0,1,21,20,3525,1
266,3,compositional_beta,beta_085,1,1,0,0,22.159885,0.214902,21.530803,0.413947,22.241000,0.000000,5304,0,4096,2,0,0,1,21,20,3555,1
267,3,compositional_beta,beta_086,1,1,0,0,6.876848,0.163544,6.401303,0.311647,6.779000,0.139000,5308,0,4096,1,0,0,1,21,20,3553,1
268,3,compositional_beta,beta_087,1,1,0,0,16.992972,0.132793,16.677447,0.182514,13.470000,3.613000,5308,0,4096,1,0,0,1,21,20,3579,1
269,3,compositional_beta,beta_088,1,1,0,0,29.477005,0.180918,14.945038,14.350535,23.140000,7.327000,5308,0,4096,1,0,0,1,21,20,3587,1
270,3,compositional_beta,beta_089,1,1,0,0,21.161623,0.573284,19.461223,1.126882,20.858000,0.239000,5324,0,4096,1,0,0,1,21,20,3592,1
271,3,compositional_beta,beta_090,1,1,0,0,17.331893,0.376989,14.710225,2.244438,15.981000,0.058000,5324,0,4096,2,0,0,1,21,20,3614,1
272,3,compositional_beta,beta_091,1,1,0,0,20.088288,0.205260,19.722014,0.160770,20.117000,0.065000,5324,0,4096,1,0,0,1,21,20,3628,1
273,3,compositional_beta,beta_092,1,1,0,0,18.963243,0.201118,18.283219,0.478679,19.010000,0.000000,5324,0,4096,1,0,0,1,21,20,3646,1
274,3,compositional_beta,beta_093,1,1,0,0,24.402857,0.136063,23.980526,0.286043,24.164000,0.342000,5324,0,4096,1,0,0,1,21,20,3650,1
275,3,compositional_beta,beta_094,1,1,0,0,18.962299,0.138345,18.661191,0.162556,19.055000,0.000000,5324,0,4096,1,0,0,1,21,20,3676,1
276,3,compositional_beta,beta_095,1,1,0,0,33.204560,0.136900,18.379875,14.687377,26.169000,8.165000,5328,0,4096,1,0,0,1,21,20,3684,1
277,3,compositional_beta,beta_000,1,0,1,0,0.448911,0.137892,0.000446,0.310253,0.431000,0.064000,5328,0,4096,1,0,0,0,21,20,3686,1
278,3,compositional_beta,beta_001,1,0,1,0,0.911055,0.060974,0.000222,0.849059,0.000000,0.774000,5332,0,4096,1,0,0,0,21,20,3683,1
279,3,compositional_beta,beta_002,1,0,1,0,0.307272,0.058134,0.000306,0.248485,0.297000,0.045000,5332,0,4096,1,0,0,0,21,20,3656,1
280,3,compositional_beta,beta_003,1,0,1,0,0.250836,0.075140,0.000097,0.175360,0.247000,0.037000,5332,0,4096,1,0,0,0,21,20,3659,1
281,3,compositional_beta,beta_004,1,0,1,0,16.116696,0.130653,0.000746,15.984900,0.000000,14.523000,5332,0,4096,1,0,0,0,21,20,3652,1
282,3,compositional_beta,beta_005,1,0,1,0,0.968267,0.127234,0.000191,0.840649,0.877000,0.135000,5348,0,4096,1,0,0,0,21,20,3652,1
283,3,compositional_beta,beta_006,1,0,1,0,2.476465,0.060084,0.000238,2.415931,0.486000,0.076000,5348,0,4096,1,0,0,0,21,20,3666,1
284,3,compositional_beta,beta_007,1,0,1,0,0.298222,0.060341,0.000163,0.237526,0.288000,0.045000,5348,0,4096,1,0,0,0,21,20,3668,1
285,3,compositional_beta,beta_008,1,0,1,0,0.488730,0.110239,0.000096,0.378007,0.518000,0.000000,5348,0,4096,1,0,0,0,21,20,3673,1
286,3,compositional_beta,beta_009,1,0,1,0,0.249536,0.057407,0.000108,0.191737,0.279000,0.000000,5348,0,4096,1,0,0,0,21,20,3676,1
287,3,compositional_beta,beta_010,1,0,1,0,0.245616,0.085050,0.000087,0.160227,0.281000,0.000000,5348,0,4096,1,0,0,0,21,20,3689,1
288,3,compositional_beta,beta_011,1,0,1,0,12.617179,0.060960,0.000987,12.554813,6.120000,7.306000,5348,0,4096,1,0,0,0,21,20,3684,1
289,3,compositional_beta,beta_012,1,0,1,0,1.110667,0.117583,0.000205,0.992516,1.154000,0.000000,5352,0,4096,1,0,0,0,21,20,3694,1
290,3,compositional_beta,beta_013,1,0,1,0,2.503899,0.058198,0.000269,2.445147,0.000000,0.479000,5352,0,4096,1,0,0,0,21,20,3685,1
291,3,compositional_beta,beta_014,1,0,1,0,0.281786,0.058507,0.000158,0.222766,0.272000,0.042000,5352,0,4096,1,0,0,0,21,20,3668,1
292,3,compositional_beta,beta_015,1,0,1,0,0.610664,0.085430,0.000244,0.524611,0.446000,0.069000,5352,0,4096,1,0,0,0,21,20,3685,1
293,3,compositional_beta,beta_016,1,0,1,0,0.222497,0.056802,0.000102,0.165314,0.220000,0.034000,5352,0,4096,1,0,0,0,21,20,3670,1
294,3,compositional_beta,beta_017,1,0,1,0,0.349860,0.118809,0.000218,0.230547,0.335000,0.051000,5352,0,4096,1,0,0,0,21,20,3665,1
295,3,compositional_beta,beta_018,1,0,1,0,12.979796,0.055762,0.000921,12.922731,13.686000,0.380000,5352,0,4096,1,0,0,0,21,20,3678,1
296,3,compositional_beta,beta_019,1,0,1,0,0.998759,0.142916,0.000202,0.855288,1.037000,0.000000,5352,0,4096,1,0,0,0,21,20,3688,1
297,3,compositional_beta,beta_020,1,0,1,0,2.468423,0.059355,0.000260,2.408606,0.371000,0.056000,5352,0,4096,1,0,0,0,21,20,3679,1
298,3,compositional_beta,beta_021,1,0,1,0,0.259675,0.058927,0.000230,0.200264,0.283000,0.043000,5352,0,4096,1,0,0,0,21,20,3680,1
299,3,compositional_beta,beta_022,1,0,1,0,0.473704,0.057157,0.000162,0.416061,0.511000,0.000000,5352,0,4096,1,0,0,0,21,20,3685,1
300,3,compositional_beta,beta_023,1,0,1,0,0.224956,0.058465,0.000150,0.166087,0.257000,0.000000,5352,0,4096,1,0,0,0,21,20,3658,1
301,3,compositional_beta,beta_024,1,0,1,0,0.206446,0.057696,0.000094,0.148359,0.239000,0.000000,5352,0,4096,1,0,0,0,21,20,3671,1
302,3,compositional_beta,beta_025,1,0,1,0,13.101513,0.059101,0.000829,13.041195,9.948000,3.835000,5352,0,4096,1,0,0,0,21,20,3666,1
303,3,compositional_beta,beta_026,1,0,1,0,0.985590,0.130269,0.000241,0.854820,0.886000,0.135000,5352,0,4096,1,0,0,0,21,20,3658,1
304,3,compositional_beta,beta_027,1,0,1,0,2.495924,0.057908,0.000251,2.437359,0.391000,0.059000,5352,0,8192,1,0,0,0,21,20,3667,1
305,3,compositional_beta,beta_028,1,0,1,0,1.328461,0.061124,0.000201,1.266763,0.000000,1.365000,5352,0,4096,1,0,0,0,21,20,3668,1
306,3,compositional_beta,beta_029,1,0,1,0,0.428635,0.059760,0.000094,0.368426,0.400000,0.061000,5352,0,4096,1,0,0,0,21,20,3673,1
307,3,compositional_beta,beta_030,1,0,1,0,0.308561,0.106796,0.000150,0.201328,0.295000,0.045000,5352,0,4096,1,0,0,0,21,20,3676,1
308,3,compositional_beta,beta_031,1,0,1,0,0.200272,0.055780,0.000103,0.144126,0.197000,0.030000,5352,0,4096,1,0,0,0,21,20,3689,1
309,3,compositional_beta,beta_032,1,0,1,0,12.576233,0.055168,0.000824,12.519911,7.231000,6.127000,5352,0,4096,1,0,0,0,21,20,3684,1
310,3,compositional_beta,beta_033,1,0,1,0,0.956248,0.119797,0.000211,0.835883,0.825000,0.129000,5356,0,4096,1,0,0,0,21,20,3694,1
311,3,compositional_beta,beta_034,1,0,1,0,2.456592,0.056508,0.000259,2.399569,0.359000,0.056000,5356,0,4096,1,0,0,0,21,20,3685,1
312,3,compositional_beta,beta_035,1,0,1,0,0.217301,0.057305,0.000104,0.159605,0.227000,0.035000,5356,0,4096,1,0,0,0,21,20,3668,1
313,3,compositional_beta,beta_036,1,0,1,0,0.439240,0.082849,0.000093,0.356048,0.395000,0.061000,5356,0,4096,1,0,0,0,21,20,3673,1
314,3,compositional_beta,beta_037,1,0,1,0,0.216535,0.056316,0.000094,0.159877,0.214000,0.034000,5356,0,4096,1,0,0,0,21,20,3658,1
315,3,compositional_beta,beta_038,1,0,1,0,0.210248,0.058358,0.000173,0.151521,0.213000,0.034000,5356,0,4096,1,0,0,0,21,20,3653,1
316,3,compositional_beta,beta_039,1,0,1,0,12.476721,0.058430,0.000885,12.417025,9.528000,3.958000,5356,0,4096,1,0,0,0,21,20,3666,1
317,3,compositional_beta,beta_040,1,0,1,0,0.987811,0.103205,0.000266,0.883952,0.952000,0.000000,5356,0,4096,1,0,0,0,21,20,3676,1
318,3,compositional_beta,beta_041,1,0,1,0,2.373616,0.056288,0.000217,2.316787,0.504000,0.000000,5356,0,4096,1,0,0,0,21,20,3667,1
319,3,compositional_beta,beta_042,1,0,1,0,0.296291,0.089230,0.000165,0.206612,0.292000,0.037000,5356,0,4096,1,0,0,0,21,20,3668,1
320,3,compositional_beta,beta_043,1,0,1,0,0.497447,0.058234,0.000088,0.438933,0.449000,0.070000,5356,0,4096,1,0,0,0,21,20,3673,1
321,3,compositional_beta,beta_044,1,0,1,0,0.219011,0.056462,0.000285,0.161611,0.211000,0.033000,5356,0,4096,1,0,0,0,21,20,3658,1
322,3,compositional_beta,beta_045,1,0,1,0,0.254884,0.105053,0.000152,0.149424,0.241000,0.034000,5356,0,4096,1,0,0,0,21,20,3671,1
323,3,compositional_beta,beta_046,1,0,1,0,12.750313,0.057391,0.000899,12.691606,5.505000,8.110000,5356,0,4096,1,0,0,0,21,20,3666,1
324,3,compositional_beta,beta_047,1,0,1,0,0.946065,0.124571,0.000159,0.820980,0.829000,0.131000,5360,0,4096,1,0,0,0,21,20,3658,1
325,4,resilience_beta,daily_file,1,0,0,0,19.621416,0.605498,18.828441,0.187107,19.722000,0.000000,5360,0,4096,1,0,1,1,21,20,3652,1
326,4,resilience_beta,daily_http,1,0,0,0,19.704197,0.218972,18.612432,0.872380,19.615000,0.000000,5360,0,4096,1,0,1,1,21,20,3663,1
327,4,resilience_beta,daily_hash,1,0,0,0,30.857054,0.217136,17.835081,12.804559,24.329000,7.289000,5360,0,4096,1,0,1,1,21,20,3663,1
328,4,resilience_beta,daily_ipc,1,0,0,0,8.452711,0.529944,7.449708,0.472666,8.513000,0.000000,5360,0,4096,2,0,1,1,21,20,3662,1
329,4,resilience_beta,evict_0,1,1,0,0,26.517127,0.315509,13.435045,12.766327,19.990000,7.363000,5360,0,4096,2,0,0,1,21,20,3675,1
330,4,resilience_beta,evict_1,1,1,0,0,20.478014,0.504392,19.842816,0.130583,20.591000,0.000000,5360,0,4096,1,0,0,2,21,19,3686,1
331,4,resilience_beta,evict_2,1,1,0,0,11.053306,0.230891,10.297248,0.524831,10.747000,0.396000,5360,0,4096,1,0,0,4,21,18,3696,1
332,4,resilience_beta,evict_3,1,1,0,0,19.678810,0.188742,18.949637,0.540198,15.612000,4.014000,5360,0,4096,1,0,0,2,21,19,3704,1
333,4,resilience_beta,evict_4,1,1,0,0,17.282391,0.194500,14.866780,2.220813,15.480000,0.000000,5360,0,4096,1,0,0,2,21,20,3712,1
334,4,resilience_beta,evict_5,1,1,0,0,10.063988,0.228207,8.869615,0.965867,9.959000,0.087000,5364,0,4096,1,0,0,1,21,20,3718,1
335,4,resilience_beta,evict_6,1,1,0,0,31.485654,0.118113,17.509737,13.857516,20.742000,11.817000,5364,0,4096,1,0,0,1,21,20,3727,1
336,4,resilience_beta,evict_7,1,1,0,0,9.019447,0.469449,7.956148,0.593638,8.942000,0.000000,5364,0,4096,1,0,0,1,21,20,3737,1
337,4,resilience_beta,evict_8,1,1,0,0,8.188472,0.195545,7.745268,0.247446,8.247000,0.000000,5372,0,4096,1,0,0,3,21,18,3747,1
338,4,resilience_beta,evict_9,1,1,0,0,18.266168,0.239623,15.640634,2.385602,16.283000,0.000000,5372,0,4096,1,0,0,3,21,18,3764,1
339,4,resilience_beta,evict_10,1,1,0,0,18.289335,0.191987,17.964945,0.132175,18.384000,0.000000,5372,0,4096,1,0,0,2,21,19,3781,1
340,4,resilience_beta,evict_11,1,1,0,0,19.093332,0.126031,18.029489,0.937595,15.325000,3.837000,5396,0,4096,1,0,0,2,21,20,3798,1
341,4,resilience_beta,evict_12,1,1,0,0,27.011239,0.112050,13.249942,13.649011,20.041000,7.999000,5396,0,4096,2,0,0,2,22,20,3805,1
342,4,resilience_beta,evict_13,1,1,0,0,20.563941,0.541375,19.867643,0.154623,20.686000,0.000000,5396,0,4096,1,0,0,1,22,20,3839,1
343,4,resilience_beta,evict_14,1,1,0,0,10.016725,0.399467,8.867957,0.749073,10.036000,0.000000,5396,0,4096,1,0,0,1,22,20,3852,1
344,4,resilience_beta,evict_15,1,1,0,0,19.997102,0.232198,19.235075,0.529605,20.039000,0.000000,5400,0,4096,1,0,0,1,22,20,3868,1
345,4,resilience_beta,evict_16,1,1,0,0,17.489902,0.224182,14.941759,2.323749,15.587000,0.000000,5400,0,4096,1,0,0,1,22,20,3891,1
346,4,resilience_beta,evict_17,1,1,0,0,10.501689,0.218624,9.348934,0.933827,10.513000,0.000000,5404,0,4096,1,0,0,1,22,20,3902,1
347,4,resilience_beta,evict_18,1,1,0,0,32.430789,0.124820,18.277280,14.028415,14.190000,19.316000,5404,0,4096,1,0,0,1,22,20,3913,1
348,4,resilience_beta,evict_19,1,1,0,0,9.742661,0.401281,8.696515,0.644641,9.533000,0.169000,5404,0,4096,1,0,0,1,22,20,3921,1
349,4,resilience_beta,evict_20,1,1,0,0,8.457343,0.256374,7.876520,0.324239,4.851000,3.677000,5408,0,4096,1,0,0,1,22,20,3932,1
350,4,resilience_beta,evict_21,1,1,0,0,18.748240,0.316103,16.015460,2.416377,16.760000,0.045000,5412,0,4096,1,0,0,1,22,20,3950,1
351,4,resilience_beta,evict_22,1,1,0,0,20.451589,0.234943,20.048455,0.167958,20.631000,0.026000,5412,0,4096,1,0,0,1,22,20,3966,1
352,4,resilience_beta,evict_23,1,1,0,0,22.597526,0.189376,21.383165,1.024758,22.687000,0.000000,5436,0,4096,1,0,0,1,22,20,3982,1
353,4,resilience_beta,evict_24,1,1,0,0,30.778345,0.117386,16.188372,14.472369,8.656000,23.846000,5436,0,4096,1,0,0,1,22,20,3988,1
354,4,resilience_beta,evict_25,1,1,0,0,24.816754,0.457970,24.145905,0.212642,21.239000,3.695000,5436,0,4096,1,0,0,1,22,20,3999,1
355,4,resilience_beta,evict_26,1,1,0,0,11.981476,0.308012,11.117810,0.555433,12.038000,0.007000,5436,0,4096,1,0,0,1,22,20,4011,1
356,4,resilience_beta,evict_27,1,1,0,0,31.929539,0.254078,29.985168,1.690049,29.604000,1.273000,5436,0,4096,1,0,0,1,22,20,4026,1
357,4,resilience_beta,evict_28,1,1,0,0,24.660857,0.269544,22.144580,2.246321,22.891000,0.000000,5436,0,4096,1,0,0,1,22,20,4048,1
358,4,resilience_beta,evict_29,1,1,0,0,12.000316,0.221858,10.679416,1.098739,7.889000,4.040000,5440,0,4096,1,0,0,1,22,20,4058,1
359,4,resilience_beta,evict_30,1,1,0,0,36.889721,0.150599,22.040232,14.698604,23.012000,15.686000,5440,0,8192,1,0,0,1,22,20,4069,1
360,4,resilience_beta,evict_31,1,1,0,0,12.600036,0.344947,11.594550,0.660232,12.591000,0.066000,5440,0,4096,1,0,0,1,22,20,4077,1
361,4,resilience_beta,evict_32,1,1,0,0,9.367234,0.268255,8.771219,0.327544,9.482000,0.000000,5440,0,4096,1,0,0,1,22,20,4088,1
362,4,resilience_beta,evict_33,1,1,0,0,20.370812,0.342015,17.633190,2.395290,18.408000,0.000000,5444,0,4096,1,0,0,1,22,20,4106,1
363,4,resilience_beta,evict_34,1,1,0,0,21.838384,0.255237,21.442703,0.140214,21.969000,0.000000,5448,0,4096,1,0,0,1,22,20,4122,1
364,4,resilience_beta,evict_35,1,1,0,0,24.748715,0.125977,23.783145,0.839367,24.839000,0.000000,5468,0,4096,1,0,0,1,22,20,4138,1
365,4,resilience_beta,evict_36,1,1,0,0,30.923078,0.113388,15.120617,15.688775,15.345000,16.450000,5468,0,4096,1,0,0,1,22,20,4144,1
366,4,resilience_beta,evict_37,1,1,0,0,25.286930,0.761294,24.366616,0.158782,21.684000,3.726000,5468,0,4096,1,0,0,1,22,20,4155,1
367,4,resilience_beta,evict_38,1,1,0,0,12.091522,0.252653,11.350132,0.488513,12.171000,0.000000,5468,0,4096,1,0,0,1,22,20,4167,1
368,4,resilience_beta,evict_39,1,1,0,0,23.831621,0.235274,23.191969,0.404152,23.959000,0.000000,5468,0,4096,1,0,0,1,22,20,4182,1
369,4,resilience_beta,evict_40,1,1,0,0,21.043531,0.225725,18.446070,2.371319,19.004000,0.082000,5468,0,4096,1,0,0,1,22,20,4204,1
370,4,resilience_beta,evict_41,1,1,0,0,13.281606,0.182679,12.111390,0.987323,13.218000,0.000000,5472,0,4096,1,0,0,1,22,20,4214,1
371,4,resilience_beta,evict_42,1,1,0,0,37.018538,0.122863,22.163871,14.731563,19.244000,20.502000,5472,0,4096,1,0,0,1,22,20,4225,1
372,4,resilience_beta,evict_43,1,1,0,0,12.225395,0.390796,11.292474,0.541826,8.142000,4.127000,5472,0,4096,1,0,0,1,22,20,4233,1
373,4,resilience_beta,evict_44,1,1,0,0,10.154242,0.208372,9.648955,0.296681,10.243000,0.000000,5476,0,4096,1,0,0,1,22,20,4244,1
374,4,resilience_beta,evict_45,1,1,0,0,21.686228,0.317336,18.930938,2.437741,19.713000,0.000000,5476,0,4096,1,0,0,1,22,20,4262,1
375,4,resilience_beta,evict_46,1,1,0,0,23.121875,0.258658,22.710038,0.152964,23.231000,0.000000,5480,0,4096,1,0,0,1,22,20,4278,1
376,4,resilience_beta,evict_47,1,1,0,0,23.347472,0.126566,22.291308,0.929268,23.435000,0.000000,5500,0,4096,1,0,0,1,22,20,4294,1
377,4,resilience_beta,daily_http,1,0,0,0,32.014583,0.127972,31.190458,0.695849,31.668000,0.492000,5508,0,4096,2,1,0,1,22,20,4302,1
378,4,resilience_beta,daily_http,1,0,1,1,0.814847,0.060101,0.000397,0.754146,0.812000,0.000000,5508,0,4096,1,0,0,0,22,20,4302,1
379,4,resilience_beta,daily_file,1,0,0,0,12.120610,0.120681,11.824675,0.175048,12.147000,0.000000,5508,0,4096,2,1,0,2,22,19,4281,1
380,4,resilience_beta,daily_file,1,0,1,1,0.255475,0.058294,0.000098,0.196880,0.275000,0.000000,5508,0,4096,1,0,0,0,22,19,4281,1
381,4,resilience_beta,daily_hash,1,0,0,0,34.039478,0.114187,14.220227,19.704766,18.130000,12.557000,5508,0,4096,2,1,0,3,22,19,4271,1
382,4,resilience_beta,daily_hash,1,0,1,1,13.455130,0.274848,0.000448,13.179417,8.036000,6.297000,5508,0,4096,1,0,0,0,22,19,4271,1
383,4,resilience_beta,daily_ipc,1,0,0,0,8.788453,0.263212,7.977431,0.547592,8.794000,0.062000,5508,0,4096,2,1,0,7,22,15,4251,1
384,4,resilience_beta,daily_ipc,1,0,1,1,0.430334,0.061691,0.000104,0.368343,0.459000,0.000000,5508,0,4096,1,0,0,0,22,15,4251,1
385,5,release_candidate,daily_file,1,0,1,0,0.466706,0.119183,0.000351,0.346897,0.487000,0.061000,5508,0,4096,1,0,0,0,22,15,4251,1
386,5,release_candidate,daily_hash,1,0,1,0,14.106310,0.179688,0.000746,13.925563,10.716000,4.267000,5508,0,4096,1,0,0,0,22,15,4251,1
387,5,release_candidate,daily_http,1,0,1,0,1.328169,0.170496,0.000283,1.157140,1.295000,0.044000,5512,0,4096,1,0,0,0,22,15,4251,1
388,5,release_candidate,daily_state,1,0,1,0,0.496101,0.208097,0.000116,0.287687,0.539000,0.000000,5512,0,4096,1,0,0,0,22,15,4252,1
389,5,release_candidate,daily_ipc,1,0,1,0,0.393521,0.062389,0.000050,0.330584,0.434000,0.000000,5512,0,4096,1,0,0,0,22,15,4252,1
390,5,release_candidate,rc_novel_0,1,1,0,0,23.976689,0.331783,23.530782,0.113889,24.099000,0.000000,5512,0,4096,1,0,0,3,22,15,4264,1
391,5,release_candidate,daily_proc,1,0,1,0,0.345397,0.066200,0.000058,0.278944,0.388000,0.000000,5512,0,4096,1,0,0,0,22,15,4259,1
392,5,release_candidate,daily_timer,1,0,1,0,2.770845,0.078460,0.000206,2.691998,0.834000,0.032000,5512,0,4096,1,0,0,0,22,15,4244,1
393,5,release_candidate,daily_file,1,0,1,0,0.348116,0.066410,0.000330,0.281174,0.393000,0.000000,5512,0,4096,1,0,0,0,22,15,4244,1
394,5,release_candidate,daily_hash,1,0,1,0,14.148823,0.078227,0.000579,14.069819,0.000000,15.531000,5512,0,4096,1,0,0,0,22,15,4244,1
395,5,release_candidate,daily_http,1,0,1,0,1.069448,0.163273,0.000167,0.905805,1.014000,0.126000,5512,0,4096,1,0,0,0,22,15,4244,1
396,5,release_candidate,daily_state,1,0,1,0,0.368311,0.068924,0.000308,0.298790,0.419000,0.000000,5512,0,4096,1,0,0,0,22,15,4244,1
397,5,release_candidate,daily_ipc,1,0,1,0,0.481160,0.109693,0.000169,0.371102,0.529000,0.000000,5512,0,4096,1,0,0,0,22,15,4244,1
398,5,release_candidate,daily_file,1,0,1,0,0.352960,0.066532,0.000171,0.286052,0.381000,0.023000,5512,0,4096,1,0,0,0,22,15,4244,1
399,5,release_candidate,daily_hash,1,0,1,0,13.644144,0.075173,0.000612,13.568144,6.571000,7.929000,5512,0,4096,1,0,0,0,22,15,4244,1
400,5,release_candidate,daily_http,1,0,1,0,1.128739,0.161576,0.000172,0.966794,0.000000,1.102000,5512,0,4096,1,0,0,0,22,15,4244,1
401,5,release_candidate,daily_state,1,0,1,0,0.275188,0.061378,0.000146,0.213473,0.277000,0.034000,5512,0,4096,1,0,0,0,22,15,4244,1
402,5,release_candidate,daily_ipc,1,0,1,0,0.383875,0.062443,0.000057,0.321180,0.418000,0.000000,5512,0,4096,1,0,0,0,22,15,4244,1
403,5,release_candidate,daily_file,1,0,1,0,0.246467,0.062000,0.000089,0.184160,0.283000,0.000000,5512,0,4096,1,0,0,0,22,15,4244,1
404,5,release_candidate,daily_hash,1,0,1,0,14.696415,0.063635,0.000682,14.631884,8.373000,7.174000,5512,0,4096,1,0,0,0,22,15,4244,1
405,5,release_candidate,daily_http,1,0,1,0,1.089859,0.147533,0.000347,0.941782,1.156000,0.000000,5512,0,4096,1,0,0,0,22,15,4244,1
406,5,release_candidate,daily_state,1,0,1,0,0.301117,0.064827,0.000142,0.235949,0.341000,0.000000,5512,0,8192,1,0,0,0,22,15,4244,1
407,5,release_candidate,daily_ipc,1,0,1,0,0.581737,0.062616,0.000057,0.518870,0.535000,0.000000,5512,0,4096,1,0,0,0,22,15,4244,1
408,5,release_candidate,daily_file,1,0,1,0,0.277388,0.061556,0.000058,0.215570,0.312000,0.000000,5512,0,4096,1,0,0,0,22,15,4244,1
409,5,release_candidate,daily_hash,1,0,1,0,13.406791,0.059859,0.000725,13.346010,14.125000,0.000000,5512,0,4096,1,0,0,0,22,15,4244,1
410,5,release_candidate,daily_http,1,0,1,0,1.185586,0.157811,0.000301,1.027269,1.090000,0.138000,5512,0,4096,1,0,0,0,22,15,4244,1
411,5,release_candidate,daily_state,1,0,1,0,0.634309,0.314441,0.000401,0.319271,0.653000,0.082000,5512,0,4096,1,0,0,0,22,15,4244,1
412,5,release_candidate,daily_ipc,1,0,1,0,0.483901,0.077874,0.000174,0.405651,0.485000,0.061000,5512,0,4096,1,0,0,0,22,15,4244,1
413,5,release_candidate,daily_file,1,0,1,0,0.348363,0.070058,0.000145,0.277940,0.401000,0.000000,5512,0,4096,1,0,0,0,22,15,4244,1
414,5,release_candidate,daily_hash,1,0,1,0,16.582551,0.066331,0.000910,16.515054,4.988000,12.460000,5512,0,4096,1,0,0,0,22,15,4244,1
415,5,release_candidate,daily_http,1,0,1,0,1.142888,0.146517,0.000452,0.995709,1.072000,0.136000,5512,0,4096,1,0,0,0,22,15,4244,1
416,5,release_candidate,daily_state,1,0,1,0,0.929621,0.075919,0.000266,0.853201,0.949000,0.043000,5512,0,4096,1,0,0,0,22,15,4244,1
417,5,release_candidate,daily_ipc,1,0,1,0,0.474103,0.074135,0.000211,0.399543,0.473000,0.059000,5512,0,4096,1,0,0,0,22,15,4244,1
418,5,release_candidate,rc_novel_1,1,1,0,0,9.898933,0.295475,9.332726,0.270490,9.944000,0.004000,5512,0,4096,1,0,0,2,22,16,4246,1
419,5,release_candidate,daily_file,1,0,1,0,0.287134,0.061054,0.000086,0.225489,0.324000,0.000000,5512,0,4096,1,0,0,0,22,16,4246,1
420,5,release_candidate,daily_hash,1,0,1,0,13.954779,0.059270,0.000522,13.894734,0.000000,13.927000,5512,0,4096,1,0,0,0,22,16,4246,1
421,5,release_candidate,daily_http,1,0,1,0,1.366056,0.143130,0.000360,1.222351,0.000000,1.283000,5516,0,4096,1,0,0,0,22,16,4246,1
422,5,release_candidate,daily_state,1,0,1,0,0.353457,0.066930,0.000328,0.286005,0.357000,0.045000,5516,0,4096,1,0,0,0,22,16,4246,1
423,5,release_candidate,daily_ipc,1,0,1,0,0.411391,0.060479,0.000089,0.350624,0.421000,0.000000,5516,0,4096,1,0,0,0,22,16,4246,1
424,5,release_candidate,daily_file,1,0,1,0,0.386618,0.079774,0.000372,0.306264,0.414000,0.052000,5516,0,4096,1,0,0,0,22,16,4246,1
425,5,release_candidate,daily_hash,1,0,1,0,13.879950,0.063591,0.000506,13.815604,10.957000,3.890000,5516,0,4096,1,0,0,0,22,16,4246,1
426,5,release_candidate,daily_http,1,0,1,0,1.078403,0.160413,0.000439,0.917348,0.996000,0.128000,5516,0,4096,1,0,0,0,22,16,4246,1
427,5,release_candidate,daily_state,1,0,1,0,0.262146,0.065108,0.000084,0.196737,0.298000,0.000000,5516,0,4096,1,0,0,0,22,16,4246,1
428,5,release_candidate,daily_ipc,1,0,1,0,0.369397,0.060488,0.000082,0.308620,0.343000,0.043000,5516,0,4096,1,0,0,0,22,16,4246,1
429,5,release_candidate,daily_file,1,0,1,0,0.260618,0.060018,0.000143,0.200264,0.291000,0.000000,5516,0,4096,1,0,0,0,22,16,4246,1
430,5,release_candidate,daily_hash,1,0,1,0,14.446298,0.060442,0.000683,14.384789,8.303000,6.887000,5516,0,4096,1,0,0,0,22,16,4246,1
431,5,release_candidate,daily_http,1,0,1,0,1.193426,0.297190,0.000172,0.895861,1.095000,0.142000,5516,0,4096,1,0,0,0,22,16,4246,1
432,5,release_candidate,daily_state,1,0,1,0,0.237738,0.065942,0.000206,0.171392,0.273000,0.000000,5516,0,4096,1,0,0,0,22,16,4246,1
433,5,release_candidate,daily_ipc,1,0,1,0,0.360231,0.062085,0.000058,0.297895,0.341000,0.043000,5516,0,4096,1,0,0,0,22,16,4246,1
434,5,release_candidate,daily_file,1,0,1,0,0.263227,0.062236,0.000061,0.200644,0.299000,0.000000,5516,0,4096,1,0,0,0,22,16,4246,1
435,5,release_candidate,daily_hash,1,0,1,0,13.308257,0.068366,0.000698,13.238909,3.886000,10.789000,5516,0,4096,1,0,0,0,22,16,4246,1
436,5,release_candidate,daily_http,1,0,1,0,0.978950,0.136863,0.000320,0.841564,0.939000,0.123000,5516,0,4096,1,0,0,0,22,16,4246,1
437,5,release_candidate,daily_state,1,0,1,0,0.287767,0.071862,0.000213,0.215498,0.358000,0.000000,5516,0,4096,1,0,0,0,22,16,4246,1
438,5,release_candidate,daily_ipc,1,0,1,0,0.442463,0.069137,0.000171,0.372959,0.496000,0.000000,5516,0,4096,1,0,0,0,22,16,4246,1
439,5,release_candidate,daily_file,1,0,1,0,0.319414,0.064681,0.000171,0.254365,0.000000,0.368000,5516,0,4096,1,0,0,0,22,16,4246,1
440,5,release_candidate,daily_hash,1,0,1,0,13.097682,0.062446,0.000667,13.034357,9.641000,4.125000,5516,0,4096,1,0,0,0,22,16,4246,1
441,5,release_candidate,daily_http,1,0,1,0,1.031669,0.149832,0.000205,0.881432,1.079000,0.000000,5516,0,4096,1,0,0,0,22,16,4246,1
442,5,release_candidate,daily_state,1,0,1,0,0.258611,0.062601,0.000229,0.195577,0.000000,0.294000,5516,0,4096,1,0,0,0,22,16,4246,1
443,5,release_candidate,daily_ipc,1,0,1,0,0.491726,0.060171,0.000072,0.431281,0.345000,0.046000,5516,0,4096,1,0,0,0,22,16,4246,1
444,5,release_candidate,rc_novel_2,1,1,0,0,24.261654,0.873437,23.057976,0.329990,24.410000,0.000000,5516,0,4096,1,0,0,2,22,17,4273,1
445,5,release_candidate,daily_proc,1,0,1,0,0.352466,0.069259,0.000177,0.282834,0.369000,0.048000,5516,0,4096,1,0,0,0,22,17,4275,1
446,5,release_candidate,daily_timer,1,0,1,0,2.539786,0.065126,0.000086,2.474382,0.000000,0.516000,5516,0,4096,1,0,0,0,22,17,4276,1
447,5,release_candidate,daily_file,1,0,1,0,0.364681,0.065953,0.000333,0.298201,0.362000,0.047000,5516,0,8192,1,0,0,0,22,17,4276,1
448,5,release_candidate,daily_hash,1,0,1,0,16.020746,0.071819,0.000763,15.947930,10.328000,6.932000,5516,0,4096,1,0,0,0,22,17,4276,1
449,5,release_candidate,daily_http,1,0,1,0,1.321765,0.168180,0.000422,1.152950,1.251000,0.163000,5520,0,4096,1,0,0,0,22,17,4276,1
450,5,release_candidate,daily_state,1,0,1,0,0.394816,0.087200,0.000374,0.307045,0.555000,0.000000,5520,0,4096,1,0,0,0,22,17,4276,1
451,5,release_candidate,daily_ipc,1,0,1,0,0.434214,0.066872,0.000174,0.366972,0.475000,0.000000,5520,0,4096,1,0,0,0,22,17,4276,1
452,5,release_candidate,daily_file,1,0,1,0,0.278949,0.063468,0.000211,0.215067,0.323000,0.000000,5520,0,4096,1,0,0,0,22,17,4276,1
453,5,release_candidate,daily_hash,1,0,1,0,14.955755,0.123893,0.001024,14.830435,8.659000,7.252000,5520,0,4096,1,0,0,0,22,17,4276,1
454,5,release_candidate,daily_http,1,0,1,0,4.640977,0.161181,0.000341,4.479077,1.375000,0.181000,5520,0,4096,1,0,0,0,22,17,4276,1
455,5,release_candidate,daily_state,1,0,1,0,0.391615,0.080374,0.000174,0.310874,0.407000,0.054000,5520,0,4096,1,0,0,0,22,17,4276,1
456,5,release_candidate,daily_ipc,1,0,1,0,0.646397,0.089574,0.000151,0.556366,0.912000,0.000000,5520,0,4096,1,0,0,0,22,17,4276,1
457,5,release_candidate,daily_file,1,0,1,0,0.334642,0.064477,0.000182,0.269629,0.380000,0.000000,5520,0,4096,1,0,0,0,22,17,4276,1
458,5,release_candidate,daily_hash,1,0,1,0,13.636951,0.058971,0.000602,13.576976,8.084000,6.606000,5520,0,4096,1,0,0,0,22,17,4276,1
459,5,release_candidate,daily_http,1,0,1,0,3.233530,0.148357,0.000257,3.084555,0.000000,2.134000,5520,0,4096,1,0,0,0,22,17,4276,1
460,5,release_candidate,daily_state,1,0,1,0,0.291120,0.060432,0.000232,0.230097,0.287000,0.038000,5520,0,4096,1,0,0,0,22,17,4276,1
461,5,release_candidate,daily_ipc,1,0,1,0,0.440030,0.059396,0.000273,0.380107,0.459000,0.000000,5520,0,4096,1,0,0,0,22,17,4276,1
462,5,release_candidate,daily_file,1,0,1,0,0.272000,0.060831,0.000178,0.210599,0.000000,0.334000,5520,0,4096,1,0,0,0,22,17,4276,1
463,5,release_candidate,daily_hash,1,0,1,0,13.083515,0.072545,0.000431,13.010195,5.668000,8.078000,5520,0,4096,1,0,0,0,22,17,4276,1
464,5,release_candidate,daily_http,1,0,1,0,1.058408,0.139508,0.000191,0.918333,1.090000,0.000000,5520,0,4096,1,0,0,0,22,17,4276,1
465,5,release_candidate,daily_state,1,0,1,0,0.294025,0.060433,0.000217,0.233007,0.000000,0.327000,5520,0,4096,1,0,0,0,22,17,4276,1
466,5,release_candidate,daily_ipc,1,0,1,0,0.725757,0.059446,0.000279,0.665782,0.604000,0.082000,5520,0,4096,1,0,0,0,22,17,4276,1
467,5,release_candidate,daily_file,1,0,1,0,0.217125,0.059948,0.000085,0.156809,0.250000,0.000000,5520,0,4096,1,0,0,0,22,17,4276,1
468,5,release_candidate,daily_hash,1,0,1,0,11.925966,0.057417,0.000388,11.867840,5.468000,7.325000,5520,0,4096,1,0,0,0,22,17,4276,1
469,5,release_candidate,daily_http,1,0,1,0,1.093302,0.159345,0.000220,0.933383,1.135000,0.000000,5520,0,4096,1,0,0,0,22,17,4276,1
470,5,release_candidate,daily_state,1,0,1,0,0.274748,0.060430,0.000178,0.213881,0.307000,0.000000,5520,0,4096,1,0,0,0,22,17,4276,1
471,5,release_candidate,daily_ipc,1,0,1,0,0.379345,0.059184,0.000291,0.319587,0.409000,0.000000,5520,0,4096,1,0,0,0,22,17,4276,1
472,5,release_candidate,rc_novel_3,1,1,0,0,23.245030,0.407387,22.728209,0.109087,23.368000,0.000000,5520,0,4096,1,0,0,2,22,18,4286,1
473,5,release_candidate,daily_file,1,0,1,0,0.265107,0.060925,0.000306,0.203673,0.302000,0.000000,5520,0,4096,1,0,0,0,22,18,4286,1
474,5,release_candidate,daily_hash,1,0,1,0,12.288867,0.059339,0.000410,12.228916,9.426000,3.597000,5520,0,4096,1,0,0,0,22,18,4286,1
475,5,release_candidate,daily_http,1,0,1,0,1.077149,0.128384,0.000196,0.948307,0.978000,0.129000,5524,0,4096,1,0,0,0,22,18,4286,1
476,5,release_candidate,daily_state,1,0,1,0,0.301293,0.058765,0.000216,0.242017,0.000000,0.333000,5524,0,4096,1,0,0,0,22,18,4286,1
477,5,release_candidate,daily_ipc,1,0,1,0,0.441336,0.058237,0.000347,0.382481,0.423000,0.056000,5524,0,4096,1,0,0,0,22,18,4286,1
478,5,release_candidate,daily_file,1,0,1,0,0.292134,0.059763,0.000236,0.231928,0.325000,0.000000,5524,0,4096,1,0,0,0,22,18,4286,1
479,5,release_candidate,daily_hash,1,0,1,0,11.984514,0.058023,0.000446,11.925692,5.395000,7.286000,5524,0,4096,1,0,0,0,22,18,4286,1
480,5,release_candidate,daily_http,1,0,1,0,1.197955,0.128962,0.000295,1.068345,0.000000,1.156000,5524,0,4096,1,0,0,0,22,18,4286,1
481,5,release_candidate,daily_state,1,0,1,0,0.277656,0.060684,0.000161,0.216447,0.275000,0.037000,5524,0,4096,1,0,0,0,22,18,4286,1
482,5,release_candidate,daily_ipc,1,0,1,0,0.500785,0.058434,0.000271,0.441794,0.412000,0.000000,5524,0,4096,1,0,0,0,22,18,4286,1
483,5,release_candidate,daily_file,1,0,1,0,0.221497,0.058771,0.000091,0.162372,0.252000,0.000000,5524,0,8192,1,0,0,0,22,18,4286,1
484,5,release_candidate,daily_hash,1,0,1,0,12.807394,0.057788,0.000495,12.748695,9.659000,3.781000,5524,0,4096,1,0,0,0,22,18,4286,1
485,5,release_candidate,daily_http,1,0,1,0,1.150406,0.135789,0.000221,1.014049,0.000000,1.194000,5524,0,4096,1,0,0,0,22,18,4286,1
486,5,release_candidate,daily_state,1,0,1,0,0.302355,0.061352,0.000136,0.240597,0.297000,0.040000,5524,0,4096,1,0,0,0,22,18,4286,1
487,5,release_candidate,daily_ipc,1,0,1,0,0.390226,0.061075,0.000060,0.328832,0.423000,0.000000,5524,0,4096,1,0,0,0,22,18,4286,1
488,5,release_candidate,daily_file,1,0,1,0,0.284564,0.061018,0.000098,0.223064,0.346000,0.000000,5524,0,4096,1,0,0,0,22,18,4286,1
489,5,release_candidate,daily_hash,1,0,1,0,15.445927,0.059427,0.000833,15.385356,8.310000,7.995000,5524,0,4096,1,0,0,0,22,18,4286,1
490,5,release_candidate,daily_http,1,0,1,0,1.139493,0.133190,0.000302,1.005651,0.000000,1.175000,5528,0,4096,1,0,0,0,22,18,4286,1
491,5,release_candidate,daily_state,1,0,1,0,0.262879,0.061739,0.000205,0.200539,0.261000,0.036000,5528,0,4096,1,0,0,0,22,18,4286,1
492,5,release_candidate,daily_ipc,1,0,1,0,0.496390,0.059991,0.000241,0.435879,0.457000,0.000000,5528,0,4096,1,0,0,0,22,18,4286,1
493,5,release_candidate,daily_file,1,0,1,0,0.270824,0.059446,0.000189,0.210928,0.295000,0.010000,5528,0,4096,1,0,0,0,22,18,4286,1
494,5,release_candidate,daily_hash,1,0,1,0,13.916942,0.058378,0.000523,13.857685,6.425000,8.250000,5528,0,4096,1,0,0,0,22,18,4286,1
495,5,release_candidate,daily_http,1,0,1,0,1.260351,0.133318,0.000296,1.126392,1.123000,0.156000,5528,0,4096,1,0,0,0,22,18,4286,1
496,5,release_candidate,daily_state,1,0,1,0,0.286502,0.063246,0.000214,0.222789,0.286000,0.040000,5528,0,4096,1,0,0,0,22,18,4286,1
497,5,release_candidate,daily_ipc,1,0,1,0,0.407172,0.059199,0.000085,0.347628,0.437000,0.000000,5528,0,4096,1,0,0,0,22,18,4286,1
498,5,release_candidate,rc_novel_4,1,1,0,0,13.569826,0.330624,12.471157,0.767666,13.536000,0.000000,5528,0,4096,1,0,0,2,22,19,4313,1
499,5,release_candidate,daily_proc,1,0,1,0,0.308312,0.060375,0.000088,0.247490,0.329000,0.000000,5528,0,4096,1,0,0,0,22,19,4315,1
500,5,release_candidate,daily_timer,1,0,1,0,2.378950,0.057861,0.000088,2.320654,0.379000,0.000000,5528,0,4096,1,0,0,0,22,19,4306,1
501,5,release_candidate,daily_file,1,0,1,0,0.238706,0.057759,0.000097,0.180655,0.260000,0.000000,5528,0,4096,1,0,0,0,22,19,4306,1
502,5,release_candidate,daily_hash,1,0,1,0,12.795074,0.058395,0.000743,12.735561,4.272000,11.422000,5528,0,4096,1,0,0,0,22,19,4306,1
503,5,release_candidate,daily_http,1,0,1,0,1.036682,0.140288,0.000199,0.895942,0.949000,0.130000,5532,0,4096,1,0,0,0,22,19,4306,1
504,5,release_candidate,daily_state,1,0,1,0,0.226715,0.059110,0.000201,0.167149,0.260000,0.000000,5532,0,4096,1,0,0,0,22,19,4306,1
505,5,release_candidate,daily_ipc,1,0,1,0,0.427103,0.114431,0.000090,0.312135,0.464000,0.000000,5532,0,4096,1,0,0,0,22,19,4306,1
506,5,release_candidate,daily_file,1,0,1,0,0.263971,0.059819,0.000211,0.203683,0.298000,0.000000,5532,0,4096,1,0,0,0,22,19,4306,1
507,5,release_candidate,daily_hash,1,0,1,0,16.910799,0.058375,0.000436,16.851671,6.315000,11.456000,5532,0,4096,1,0,0,0,22,19,4306,1
508,5,release_candidate,daily_http,1,0,1,0,1.037241,0.127909,0.000233,0.908441,0.935000,0.128000,5532,0,4096,1,0,0,0,22,19,4306,1
509,5,release_candidate,daily_state,1,0,1,0,0.264308,0.059927,0.000214,0.203877,0.297000,0.000000,5532,0,4096,1,0,0,0,22,19,4306,1
510,5,release_candidate,daily_ipc,1,0,1,0,0.428013,0.060271,0.000204,0.367140,0.416000,0.000000,5532,0,4096,1,0,0,0,22,19,4306,1
511,5,release_candidate,daily_file,1,0,1,0,0.254958,0.057437,0.000177,0.197089,0.285000,0.000000,5532,0,4096,1,0,0,0,22,19,4306,1
512,5,release_candidate,daily_hash,1,0,1,0,12.785326,0.060584,0.000601,12.723711,9.980000,3.799000,5532,0,4096,1,0,0,0,22,19,4306,1
513,5,release_candidate,daily_http,1,0,1,0,1.366410,0.135745,0.000191,1.230119,0.000000,1.417000,5532,0,4096,1,0,0,0,22,19,4306,1
514,5,release_candidate,daily_state,1,0,1,0,0.318962,0.064126,0.000220,0.254354,0.316000,0.043000,5532,0,4096,1,0,0,0,22,19,4306,1
515,5,release_candidate,daily_ipc,1,0,1,0,0.516572,0.060459,0.000300,0.455436,0.574000,0.000000,5532,0,4096,1,0,0,0,22,19,4306,1
516,5,release_candidate,daily_file,1,0,1,0,0.239384,0.060606,0.000120,0.178381,0.273000,0.000000,5532,0,4096,1,0,0,0,22,19,4306,1
517,5,release_candidate,daily_hash,1,0,1,0,25.581516,0.058899,0.000529,25.521604,8.657000,18.036000,5532,0,4096,1,0,0,0,22,19,4306,1
518,5,release_candidate,daily_http,1,0,1,0,1.191913,0.143286,0.000139,1.048120,1.093000,0.151000,5536,0,4096,1,0,0,0,22,19,4306,1
519,5,release_candidate,daily_state,1,0,1,0,0.314704,0.071418,0.000182,0.242828,0.369000,0.000000,5536,0,4096,1,0,0,0,22,19,4306,1
520,5,release_candidate,daily_ipc,1,0,1,0,0.417343,0.060689,0.000064,0.356282,0.400000,0.055000,5536,0,4096,1,0,0,0,22,19,4306,1
521,5,release_candidate,daily_file,1,0,1,0,0.737359,0.059186,0.000136,0.677748,0.817000,0.000000,5536,0,4096,1,0,0,0,22,19,4306,1
522,5,release_candidate,daily_hash,1,0,1,0,13.040743,0.059124,0.000505,12.980792,6.162000,7.588000,5536,0,8192,1,0,0,0,22,19,4306,1
523,5,release_candidate,daily_http,1,0,1,0,1.162203,0.137583,0.000170,1.024048,0.000000,1.209000,5536,0,4096,1,0,0,0,22,19,4306,1
524,5,release_candidate,daily_state,1,0,1,0,0.269423,0.060229,0.000146,0.208795,0.265000,0.037000,5536,0,4096,1,0,0,0,22,19,4306,1
525,5,release_candidate,daily_ipc,1,0,1,0,0.370696,0.059993,0.000063,0.310422,0.400000,0.000000,5536,0,4096,1,0,0,0,22,19,4306,1
526,5,release_candidate,rc_novel_5,1,1,0,0,30.993756,0.318623,17.859564,12.815128,24.730000,7.919000,5536,0,4096,1,0,0,3,22,19,4308,1
527,5,release_candidate,daily_file,1,0,1,0,0.393790,0.092087,0.000129,0.301283,0.426000,0.000000,5536,0,4096,1,0,0,0,22,19,4308,1
528,5,release_candidate,daily_hash,1,0,1,0,13.243076,0.088984,0.000390,13.153358,13.857000,0.000000,5536,0,4096,1,0,0,0,22,19,4308,1
529,5,release_candidate,daily_http,1,0,1,0,1.158817,0.141350,0.000191,1.016907,1.077000,0.045000,5544,0,4096,1,0,0,0,22,19,4308,1
530,5,release_candidate,daily_state,1,0,1,0,0.290601,0.059983,0.000152,0.230193,0.324000,0.000000,5544,0,4096,1,0,0,0,22,19,4308,1
531,5,release_candidate,daily_ipc,1,0,1,0,0.411600,0.059756,0.000061,0.351525,0.395000,0.031000,5544,0,4096,1,0,0,0,22,19,4308,1
532,5,release_candidate,daily_file,1,0,1,0,0.251303,0.062134,0.000093,0.188707,0.260000,0.036000,5544,0,4096,1,0,0,0,22,19,4308,1
533,5,release_candidate,daily_hash,1,0,1,0,13.514407,0.060386,0.000449,13.453249,10.738000,3.955000,5544,0,4096,1,0,0,0,22,19,4308,1
534,5,release_candidate,daily_http,1,0,1,0,1.133452,0.144838,0.000271,0.988061,1.022000,0.141000,5544,0,4096,1,0,0,0,22,19,4308,1
535,5,release_candidate,daily_state,1,0,1,0,0.282061,0.062585,0.000140,0.219127,0.316000,0.000000,5544,0,4096,1,0,0,0,22,19,4308,1
536,5,release_candidate,daily_ipc,1,0,1,0,0.447223,0.069675,0.000061,0.377271,0.528000,0.073000,5544,0,4096,1,0,0,0,22,19,4308,1
537,5,release_candidate,daily_file,1,0,1,0,0.299417,0.060216,0.000150,0.238857,0.332000,0.000000,5544,0,4096,1,0,0,0,22,19,4308,1
538,5,release_candidate,daily_hash,1,0,1,0,12.521336,0.061648,0.000469,12.458957,5.843000,7.338000,5544,0,4096,1,0,0,0,22,19,4308,1
539,5,release_candidate,daily_http,1,0,1,0,1.091496,0.131649,0.000235,0.959404,1.001000,0.132000,5544,0,4096,1,0,0,0,22,19,4308,1
540,5,release_candidate,daily_state,1,0,1,0,0.277098,0.059458,0.000235,0.217214,0.310000,0.000000,5544,0,4096,1,0,0,0,22,19,4308,1
541,5,release_candidate,daily_ipc,1,0,1,0,0.408290,0.059473,0.000094,0.348420,0.442000,0.000000,5544,0,4096,1,0,0,0,22,19,4308,1
542,5,release_candidate,daily_file,1,0,1,0,0.272578,0.061921,0.000195,0.210268,0.308000,0.000000,5544,0,4096,1,0,0,0,22,19,4308,1
543,5,release_candidate,daily_hash,1,0,1,0,14.614053,0.059635,0.000458,14.553667,11.438000,4.346000,5544,0,4096,1,0,0,0,22,19,4308,1
544,5,release_candidate,daily_http,1,0,1,0,1.143835,0.132920,0.000252,1.010375,1.095000,0.000000,5544,0,4096,1,0,0,0,22,19,4308,1
545,5,release_candidate,daily_state,1,0,1,0,0.276125,0.059663,0.000206,0.216046,0.308000,0.000000,5544,0,4096,1,0,0,0,22,19,4308,1
546,5,release_candidate,daily_ipc,1,0,1,0,0.449932,0.061185,0.000278,0.388258,0.474000,0.000000,5544,0,4096,1,0,0,0,22,19,4308,1
547,5,release_candidate,daily_file,1,0,1,0,0.274542,0.063780,0.000190,0.210370,0.311000,0.000000,5544,0,4096,1,0,0,0,22,19,4308,1
548,5,release_candidate,daily_hash,1,0,1,0,13.187246,0.059895,0.000413,13.126718,3.951000,9.947000,5544,0,4096,1,0,0,0,22,19,4308,1
549,5,release_candidate,daily_http,1,0,1,0,1.003719,0.129195,0.000243,0.874086,0.917000,0.124000,5544,0,4096,1,0,0,0,22,19,4308,1
550,5,release_candidate,daily_state,1,0,1,0,0.244687,0.061352,0.000257,0.182884,0.277000,0.000000,5544,0,4096,1,0,0,0,22,19,4308,1
551,5,release_candidate,daily_ipc,1,0,1,0,0.413078,0.060790,0.000281,0.351807,0.471000,0.000000,5544,0,4096,1,0,0,0,22,19,4308,1
552,5,release_candidate,rc_novel_6,1,1,0,0,13.168190,0.360621,12.485500,0.321839,13.229000,0.000000,5544,0,4096,1,0,0,2,22,20,4333,1
553,5,release_candidate,daily_proc,1,0,1,0,0.265115,0.061797,0.000311,0.202812,0.293000,0.000000,5544,0,4096,1,0,0,0,22,20,4335,1
554,5,release_candidate,daily_timer,1,0,1,0,2.436827,0.061152,0.000241,2.375242,0.394000,0.000000,5544,0,4096,1,0,0,0,22,20,4334,1
555,5,release_candidate,daily_file,1,0,1,0,0.238350,0.060884,0.000098,0.177180,0.274000,0.000000,5544,0,4096,1,0,0,0,22,20,4334,1
556,5,release_candidate,daily_hash,1,0,1,0,13.341846,0.058883,0.000399,13.282359,7.835000,6.111000,5544,0,4096,1,0,0,0,22,20,4334,1
557,5,release_candidate,daily_http,1,0,1,0,1.097976,0.154752,0.000231,0.942780,1.007000,0.136000,5548,0,4096,1,0,0,0,22,20,4334,1
558,5,release_candidate,daily_state,1,0,1,0,0.269158,0.063055,0.000236,0.205673,0.306000,0.000000,5548,0,4096,1,0,0,0,22,20,4334,1
559,5,release_candidate,daily_ipc,1,0,1,0,0.437846,0.060371,0.000120,0.377173,0.446000,0.000000,5548,0,4096,1,0,0,0,22,20,4334,1
560,5,release_candidate,daily_file,1,0,1,0,0.269613,0.059852,0.000208,0.209359,0.345000,0.000000,5548,0,4096,1,0,0,0,22,20,4334,1
561,5,release_candidate,daily_hash,1,0,1,0,13.165395,0.060329,0.000487,13.104365,9.787000,4.050000,5548,0,4096,1,0,0,0,22,20,4334,1
562,5,release_candidate,daily_http,1,0,1,0,1.290569,0.155113,0.000242,1.135000,1.249000,0.000000,5548,0,4096,1,0,0,0,22,20,4334,1
563,5,release_candidate,daily_state,1,0,1,0,0.264015,0.062499,0.000223,0.201099,0.300000,0.000000,5548,0,8192,1,0,0,0,22,20,4334,1
564,5,release_candidate,daily_ipc,1,0,1,0,0.385756,0.059051,0.000097,0.326418,0.369000,0.036000,5548,0,4096,1,0,0,0,22,20,4334,1
565,5,release_candidate,daily_file,1,0,1,0,0.295568,0.060058,0.000238,0.235071,0.328000,0.000000,5548,0,4096,1,0,0,0,22,20,4334,1
566,5,release_candidate,daily_hash,1,0,1,0,12.554578,0.061468,0.000408,12.492504,5.543000,7.649000,5548,0,4096,1,0,0,0,22,20,4334,1
567,5,release_candidate,daily_http,1,0,1,0,1.046747,0.129621,0.000219,0.916708,0.996000,0.089000,5548,0,4096,1,0,0,0,22,20,4334,1
568,5,release_candidate,daily_state,1,0,1,0,0.248573,0.061062,0.000208,0.187109,0.281000,0.000000,5548,0,4096,1,0,0,0,22,20,4334,1
569,5,release_candidate,daily_ipc,1,0,1,0,0.899089,0.060077,0.000240,0.838578,0.716000,0.085000,5548,0,4096,1,0,0,0,22,20,4334,1
570,5,release_candidate,daily_file,1,0,1,0,0.271058,0.061475,0.000260,0.209125,0.295000,0.038000,5548,0,4096,1,0,0,0,22,20,4334,1
571,5,release_candidate,daily_hash,1,0,1,0,14.296735,0.058763,0.000582,14.237188,6.611000,8.619000,5548,0,4096,1,0,0,0,22,20,4334,1
572,5,release_candidate,daily_http,1,0,1,0,1.235031,0.181997,0.000666,1.052155,1.128000,0.150000,5548,0,4096,1,0,0,0,22,20,4334,1
573,5,release_candidate,daily_state,1,0,1,0,0.391027,0.062593,0.000219,0.328020,0.427000,0.000000,5548,0,4096,1,0,0,0,22,20,4334,1
574,5,release_candidate,daily_ipc,1,0,1,0,0.385158,0.063196,0.000097,0.321666,0.434000,0.000000,5548,0,4096,1,0,0,0,22,20,4334,1
575,5,release_candidate,daily_file,1,0,1,0,0.287479,0.061164,0.000218,0.225894,0.286000,0.037000,5548,0,4096,1,0,0,0,22,20,4334,1
576,5,release_candidate,daily_hash,1,0,1,0,12.865420,0.060838,0.000596,12.803740,5.991000,7.444000,5548,0,4096,1,0,0,0,22,20,4334,1
577,5,release_candidate,daily_http,1,0,1,0,1.118005,0.192969,0.000253,0.924579,1.177000,0.000000,5548,0,4096,1,0,0,0,22,20,4334,1
578,5,release_candidate,daily_state,1,0,1,0,0.280701,0.062784,0.000194,0.217529,0.315000,0.000000,5548,0,4096,1,0,0,0,22,20,4334,1
579,5,release_candidate,daily_ipc,1,0,1,0,0.389071,0.061006,0.000088,0.327792,0.414000,0.000000,5548,0,4096,1,0,0,0,22,20,4334,1
580,5,release_candidate,rc_novel_7,1,1,0,0,12.437769,0.316055,11.804226,0.317271,12.494000,0.000000,5548,0,4096,1,0,0,3,22,18,4343,1
581,5,release_candidate,daily_file,1,0,1,0,0.308404,0.060811,0.000184,0.247215,0.343000,0.000000,5548,0,4096,1,0,0,0,22,18,4343,1
582,5,release_candidate,daily_hash,1,0,1,0,18.201201,0.060182,0.000803,18.139997,13.817000,0.000000,5548,0,4096,1,0,0,0,22,18,4343,1
583,5,release_candidate,daily_http,1,0,1,0,1.302121,0.160091,0.000271,1.141549,1.123000,0.148000,5552,0,4096,1,0,0,0,22,18,4343,1
584,5,release_candidate,daily_state,1,0,1,0,0.307690,0.061399,0.000168,0.245934,0.370000,0.000000,5552,0,4096,1,0,0,0,22,18,4343,1
585,5,release_candidate,daily_ipc,1,0,1,0,0.446810,0.060876,0.000066,0.385672,0.415000,0.054000,5552,0,4096,1,0,0,0,22,18,4343,1
586,5,release_candidate,daily_file,1,0,1,0,0.257739,0.059757,0.000062,0.197733,0.256000,0.034000,5552,0,4096,1,0,0,0,22,18,4343,1
587,5,release_candidate,daily_hash,1,0,1,0,12.615488,0.060999,0.000381,12.553846,0.000000,13.454000,5552,0,4096,1,0,0,0,22,18,4343,1
588,5,release_candidate,daily_http,1,0,1,0,1.245616,0.150384,0.000159,1.094879,0.000000,1.328000,5552,0,4096,1,0,0,0,22,18,4343,1
589,5,release_candidate,daily_state,1,0,1,0,0.269095,0.060438,0.000176,0.208288,0.266000,0.036000,5552,0,4096,1,0,0,0,22,18,4343,1
590,5,release_candidate,daily_ipc,1,0,1,0,0.395171,0.061677,0.000061,0.333239,0.425000,0.000000,5552,0,4096,1,0,0,0,22,18,4343,1
591,5,release_candidate,daily_file,1,0,1,0,0.263598,0.059899,0.000146,0.203350,0.326000,0.000000,5552,0,4096,1,0,0,0,22,18,4343,1
592,5,release_candidate,daily_hash,1,0,1,0,13.823519,0.059871,0.000384,13.763051,4.062000,10.722000,5552,0,4096,1,0,0,0,22,18,4343,1
593,5,release_candidate,daily_http,1,0,1,0,1.059891,0.146138,0.000162,0.913405,0.967000,0.130000,5552,0,4096,1,0,0,0,22,18,4343,1
594,5,release_candidate,daily_state,1,0,1,0,0.284001,0.061745,0.000194,0.221856,0.320000,0.000000,5552,0,4096,1,0,0,0,22,18,4343,1
595,5,release_candidate,daily_ipc,1,0,1,0,0.415403,0.062134,0.000059,0.352995,0.450000,0.000000,5552,0,4096,1,0,0,0,22,18,4343,1
596,5,release_candidate,daily_file,1,0,1,0,0.301507,0.062231,0.000162,0.238903,0.301000,0.040000,5552,0,4096,1,0,0,0,22,18,4343,1
597,5,release_candidate,daily_hash,1,0,1,0,12.800990,0.059532,0.000400,12.740852,5.727000,7.770000,5552,0,4096,1,0,0,0,22,18,4343,1
598,5,release_candidate,daily_http,1,0,1,0,1.267451,0.171907,0.000229,1.095103,1.087000,0.148000,5552,0,4096,1,0,0,0,22,18,4343,1
599,5,release_candidate,daily_state,1,0,1,0,0.311442,0.061385,0.000139,0.249722,0.348000,0.000000,5552,0,4096,1,0,0,0,22,18,4343,1
600,5,release_candidate,daily_ipc,1,0,1,0,0.411183,0.061534,0.000061,0.349392,0.382000,0.052000,5552,0,4096,1,0,0,0,22,18,4343,1
601,5,release_candidate,daily_file,1,0,1,0,0.234644,0.061482,0.000060,0.172895,0.239000,0.033000,5552,0,8192,1,0,0,0,22,18,4343,1
602,5,release_candidate,daily_hash,1,0,1,0,12.635589,0.060167,0.000367,12.574523,5.822000,7.464000,5552,0,4096,1,0,0,0,22,18,4343,1
603,5,release_candidate,daily_http,1,0,1,0,1.079710,0.136620,0.000170,0.942730,1.119000,0.000000,5552,0,4096,1,0,0,0,22,18,4343,1
604,5,release_candidate,daily_state,1,0,1,0,0.284247,0.061851,0.000152,0.222052,0.320000,0.000000,5552,0,4096,1,0,0,0,22,18,4343,1
605,5,release_candidate,daily_ipc,1,0,1,0,2.478167,0.060393,0.000217,2.417318,0.521000,1.923000,5552,0,4096,1,0,0,0,22,18,4343,1
606,5,release_candidate,rc_novel_8,1,1,0,0,22.609821,0.393913,19.859655,2.356027,20.630000,0.015000,5552,0,4096,1,0,0,2,22,19,4373,1
607,5,release_candidate,daily_proc,1,0,1,0,0.297923,0.059909,0.000171,0.237647,0.284000,0.039000,5552,0,4096,1,0,0,0,22,19,4375,1
608,5,release_candidate,daily_timer,1,0,1,0,2.361845,0.059302,0.000187,2.302162,0.381000,0.000000,5552,0,4096,1,0,0,0,22,19,4369,1
609,5,release_candidate,daily_file,1,0,1,0,0.317993,0.061036,0.000179,0.256580,0.354000,0.000000,5552,0,4096,1,0,0,0,22,19,4369,1
610,5,release_candidate,daily_hash,1,0,1,0,15.668698,0.059923,0.000453,15.608103,2.703000,11.797000,5552,0,4096,1,0,0,0,22,19,4369,1
611,5,release_candidate,daily_http,1,0,1,0,1.114342,0.148118,0.000165,0.965841,1.156000,0.000000,5552,0,4096,1,0,0,0,22,19,4369,1
612,5,release_candidate,daily_state,1,0,1,0,0.379752,0.089823,0.000154,0.289548,0.377000,0.051000,5552,0,4096,1,0,0,0,22,19,4369,1
613,5,release_candidate,daily_ipc,1,0,1,0,0.480778,0.065718,0.000096,0.414761,0.472000,0.063000,5552,0,4096,1,0,0,0,22,19,4369,1
614,5,release_candidate,daily_file,1,0,1,0,0.325659,0.062964,0.000136,0.262367,0.366000,0.000000,5552,0,4096,1,0,0,0,22,19,4369,1
615,5,release_candidate,daily_hash,1,0,1,0,13.390280,0.063911,0.000493,13.325657,7.110000,7.777000,5552,0,4096,1,0,0,0,22,19,4369,1
616,5,release_candidate,daily_http,1,0,1,0,1.402238,0.151540,0.000598,1.249898,1.202000,0.162000,5552,0,4096,1,0,0,0,22,19,4369,1
617,5,release_candidate,daily_state,1,0,1,0,0.281122,0.066788,0.000208,0.213922,0.282000,0.038000,5552,0,4096,1,0,0,0,22,19,4369,1
618,5,release_candidate,daily_ipc,1,0,1,0,0.426107,0.061700,0.000064,0.364149,0.453000,0.000000,5552,0,4096,1,0,0,0,22,19,4369,1
619,5,release_candidate,daily_file,1,0,1,0,0.243288,0.061715,0.000270,0.181063,0.278000,0.000000,5552,0,4096,1,0,0,0,22,19,4369,1
620,5,release_candidate,daily_hash,1,0,1,0,12.981270,0.061460,0.000445,12.919125,3.741000,10.266000,5552,0,4096,1,0,0,0,22,19,4369,1
621,5,release_candidate,daily_http,1,0,1,0,1.294916,0.141333,0.000166,1.153220,0.000000,1.340000,5552,0,4096,1,0,0,0,22,19,4369,1
622,5,release_candidate,daily_state,1,0,1,0,0.251028,0.061275,0.000194,0.189366,0.250000,0.034000,5552,0,4096,1,0,0,0,22,19,4369,1
623,5,release_candidate,daily_ipc,1,0,1,0,0.336927,0.058429,0.000265,0.278043,0.361000,0.000000,5552,0,4096,1,0,0,0,22,19,4369,1
624,5,release_candidate,daily_file,1,0,1,0,0.263145,0.059408,0.000134,0.203411,0.283000,0.011000,5552,0,4096,1,0,0,0,22,19,4369,1
625,5,release_candidate,daily_hash,1,0,1,0,12.874255,0.064761,0.000451,12.808855,13.595000,0.014000,5552,0,4096,1,0,0,0,22,19,4369,1
626,5,release_candidate,daily_http,1,0,1,0,1.186521,0.138638,0.000280,1.047385,1.079000,0.146000,5552,0,4096,1,0,0,0,22,19,4369,1
627,5,release_candidate,daily_state,1,0,1,0,0.248883,0.059672,0.000210,0.188807,0.281000,0.000000,5552,0,4096,1,0,0,0,22,19,4369,1
628,5,release_candidate,daily_ipc,1,0,1,0,0.324179,0.059299,0.000247,0.264430,0.311000,0.042000,5552,0,4096,1,0,0,0,22,19,4369,1
629,5,release_candidate,daily_file,1,0,1,0,0.259883,0.059249,0.000154,0.200287,0.290000,0.000000,5552,0,4096,1,0,0,0,22,19,4369,1
630,5,release_candidate,daily_hash,1,0,1,0,13.856044,0.060129,0.000384,13.795216,4.078000,10.361000,5552,0,4096,1,0,0,0,22,19,4369,1
631,5,release_candidate,daily_http,1,0,1,0,1.101160,0.141962,0.000211,0.958781,0.000000,1.136000,5552,0,4096,1,0,0,0,22,19,4369,1
632,5,release_candidate,daily_state,1,0,1,0,0.248828,0.060732,0.000156,0.187738,0.249000,0.034000,5552,0,4096,1,0,0,0,22,19,4369,1
633,5,release_candidate,daily_ipc,1,0,1,0,0.479527,0.060446,0.000239,0.418649,0.421000,0.000000,5552,0,4096,1,0,0,0,22,19,4369,1
634,5,release_candidate,rc_novel_9,1,1,0,0,41.069840,0.340543,38.423954,2.305074,33.615000,5.612000,5552,0,4096,1,0,0,2,22,20,4375,1
635,5,release_candidate,daily_file,1,0,1,0,0.586400,0.254505,0.000150,0.331516,0.558000,0.077000,5552,0,4096,1,0,0,0,22,20,4375,1
636,5,release_candidate,daily_hash,1,0,1,0,14.468756,0.064805,0.000556,14.403125,11.463000,3.930000,5552,0,4096,1,0,0,0,22,20,4375,1
637,5,release_candidate,daily_http,1,0,1,0,1.124986,0.121464,0.000350,1.002962,1.051000,0.145000,5556,0,4096,1,0,0,0,22,20,4375,1
638,5,release_candidate,daily_state,1,0,1,0,0.323566,0.062800,0.000280,0.260199,0.361000,0.000000,5556,0,4096,1,0,0,0,22,20,4375,1
639,5,release_candidate,daily_ipc,1,0,1,0,0.502525,0.059333,0.000320,0.442682,0.463000,0.000000,5556,0,4096,1,0,0,0,22,20,4375,1
640,5,release_candidate,daily_file,1,0,1,0,0.293295,0.060424,0.000195,0.232479,0.329000,0.000000,5556,0,8192,1,0,0,0,22,20,4375,1
641,5,release_candidate,daily_hash,1,0,1,0,12.847891,0.058866,0.000678,12.788098,9.672000,3.775000,5556,0,4096,1,0,0,0,22,20,4375,1
642,5,release_candidate,daily_http,1,0,1,0,1.148890,0.135233,0.000279,1.013172,1.084000,0.149000,5568,0,4096,1,0,0,0,22,20,4375,1
643,5,release_candidate,daily_state,1,0,1,0,0.317795,0.061441,0.000255,0.255904,0.351000,0.000000,5568,0,4096,1,0,0,0,22,20,4375,1
644,5,release_candidate,daily_ipc,1,0,1,0,0.420959,0.061991,0.000099,0.358668,0.396000,0.054000,5568,0,4096,1,0,0,0,22,20,4375,1
645,5,release_candidate,daily_file,1,0,1,0,0.289232,0.061018,0.000208,0.227815,0.322000,0.000000,5568,0,4096,1,0,0,0,22,20,4375,1
646,5,release_candidate,daily_hash,1,0,1,0,12.618462,0.059363,0.000491,12.558404,2.179000,11.141000,5568,0,4096,1,0,0,0,22,20,4375,1
647,5,release_candidate,daily_http,1,0,1,0,1.030619,0.149502,0.000247,0.880592,0.965000,0.111000,5568,0,4096,1,0,0,0,22,20,4375,1
648,5,release_candidate,daily_state,1,0,1,0,0.294585,0.061643,0.000195,0.232552,0.292000,0.040000,5568,0,4096,1,0,0,0,22,20,4375,1
649,5,release_candidate,daily_ipc,1,0,1,0,0.395043,0.061063,0.000131,0.333636,0.427000,0.000000,5568,0,4096,1,0,0,0,22,20,4375,1
650,5,release_candidate,daily_file,1,0,1,0,0.322433,0.058872,0.000178,0.263191,0.313000,0.043000,5568,0,4096,1,0,0,0,22,20,4375,1
651,5,release_candidate,daily_hash,1,0,1,0,12.823651,0.058307,0.000446,12.764690,6.058000,7.476000,5568,0,4096,1,0,0,0,22,20,4375,1
652,5,release_candidate,daily_http,1,0,1,0,1.209714,0.157431,0.000245,1.051851,1.035000,0.143000,5568,0,4096,1,0,0,0,22,20,4375,1
653,5,release_candidate,daily_state,1,0,1,0,0.311216,0.061632,0.000241,0.249144,0.000000,0.346000,5568,0,4096,1,0,0,0,22,20,4375,1
654,5,release_candidate,daily_ipc,1,0,1,0,0.469635,0.060396,0.000097,0.408951,0.413000,0.057000,5568,0,4096,1,0,0,0,22,20,4375,1
655,5,release_candidate,daily_file,1,0,1,0,0.258704,0.060001,0.000255,0.198260,0.292000,0.000000,5568,0,4096,1,0,0,0,22,20,4375,1
656,5,release_candidate,daily_hash,1,0,1,0,15.766921,0.060393,0.000520,15.705666,4.198000,12.417000,5568,0,4096,1,0,0,0,22,20,4375,1
657,5,release_candidate,daily_http,1,0,1,0,1.279279,0.159419,0.000373,1.119290,1.124000,0.156000,5572,0,4096,1,0,0,0,22,20,4375,1
658,5,release_candidate,daily_state,1,0,1,0,0.325685,0.062500,0.000189,0.262803,0.362000,0.000000,5572,0,4096,1,0,0,0,22,20,4375,1
659,5,release_candidate,daily_ipc,1,0,1,0,0.442685,0.061703,0.000096,0.380694,0.395000,0.055000,5572,0,4096,1,0,0,0,22,20,4375,1
660,5,release_candidate,rc_novel_10,1,1,0,0,25.741514,0.424833,24.708501,0.607954,25.860000,0.000000,5572,0,4096,1,0,0,2,22,19,4407,1
661,5,release_candidate,daily_proc,1,0,1,0,0.287617,0.062411,0.000096,0.224912,0.323000,0.000000,5572,0,4096,1,0,0,0,22,19,4409,1
662,5,release_candidate,daily_timer,1,0,1,0,2.429956,0.060962,0.000107,2.368697,0.375000,0.000000,5572,0,4096,1,0,0,0,22,19,4401,1
663,5,release_candidate,daily_file,1,0,1,0,0.227108,0.060479,0.000097,0.166340,0.259000,0.000000,5572,0,4096,1,0,0,0,22,19,4401,1
664,5,release_candidate,daily_hash,1,0,1,0,14.819755,0.061726,0.000620,14.757035,8.858000,6.649000,5572,0,4096,1,0,0,0,22,19,4401,1
665,5,release_candidate,daily_http,1,0,1,0,1.161234,0.138438,0.000215,1.022241,0.000000,1.177000,5572,0,4096,1,0,0,0,22,19,4401,1
666,5,release_candidate,daily_state,1,0,1,0,0.292921,0.061674,0.000179,0.230767,0.289000,0.040000,5572,0,4096,1,0,0,0,22,19,4401,1
667,5,release_candidate,daily_ipc,1,0,1,0,0.430770,0.061896,0.000092,0.368520,0.464000,0.000000,5572,0,4096,1,0,0,0,22,19,4401,1
668,5,release_candidate,daily_file,1,0,1,0,0.275298,0.060458,0.000093,0.214394,0.000000,0.348000,5572,0,4096,1,0,0,0,22,19,4401,1
669,5,release_candidate,daily_hash,1,0,1,0,20.994415,0.058881,0.000644,20.934447,15.506000,6.489000,5572,0,4096,1,0,0,0,22,19,4401,1
670,5,release_candidate,daily_http,1,0,1,0,1.114000,0.120205,0.000249,0.993350,1.161000,0.000000,5572,0,4096,1,0,0,0,22,19,4401,1
671,5,release_candidate,daily_state,1,0,1,0,0.318576,0.062293,0.000197,0.255894,0.352000,0.000000,5572,0,4096,1,0,0,0,22,19,4401,1
672,5,release_candidate,daily_ipc,1,0,1,0,0.433439,0.059870,0.000092,0.373281,0.425000,0.000000,5572,0,4096,1,0,0,0,22,19,4401,1
673,5,release_candidate,daily_file,1,0,1,0,0.284893,0.059777,0.000190,0.224725,0.375000,0.000000,5572,0,4096,1,0,0,0,22,19,4401,1
674,5,release_candidate,daily_hash,1,0,1,0,15.397154,0.060385,0.000749,15.335810,7.840000,8.590000,5572,0,4096,1,0,0,0,22,19,4401,1
675,5,release_candidate,daily_http,1,0,1,0,1.195338,0.135594,0.000217,1.059335,0.992000,0.136000,5572,0,4096,1,0,0,0,22,19,4401,1
676,5,release_candidate,daily_state,1,0,1,0,0.261854,0.061417,0.000263,0.199985,0.326000,0.000000,5572,0,4096,1,0,0,0,22,19,4401,1
677,5,release_candidate,daily_ipc,1,0,1,0,0.346845,0.059351,0.000094,0.287209,0.371000,0.000000,5572,0,4096,1,0,0,0,22,19,4401,1
678,5,release_candidate,daily_file,1,0,1,0,0.265614,0.061050,0.000206,0.204165,0.299000,0.000000,5572,0,4096,1,0,0,0,22,19,4401,1
679,5,release_candidate,daily_hash,1,0,1,0,22.892395,0.059042,0.000766,22.832375,13.531000,10.496000,5572,0,8192,1,0,0,0,22,19,4401,1
680,5,release_candidate,daily_http,1,0,1,0,1.127425,0.141759,0.000288,0.985183,0.000000,1.177000,5572,0,4096,1,0,0,0,22,19,4401,1
681,5,release_candidate,daily_state,1,0,1,0,0.256621,0.060748,0.000191,0.195404,0.256000,0.036000,5572,0,4096,1,0,0,0,22,19,4401,1
682,5,release_candidate,daily_ipc,1,0,1,0,0.369242,0.060341,0.000094,0.308614,0.395000,0.000000,5572,0,4096,1,0,0,0,22,19,4401,1
683,5,release_candidate,daily_file,1,0,1,0,0.267656,0.061200,0.000170,0.206099,0.301000,0.000000,5572,0,4096,1,0,0,0,22,19,4401,1
684,5,release_candidate,daily_hash,1,0,1,0,14.869183,0.060835,0.000877,14.807265,9.806000,5.978000,5572,0,4096,1,0,0,0,22,19,4401,1
685,5,release_candidate,daily_http,1,0,1,0,1.117401,0.132151,0.000249,0.984813,1.169000,0.000000,5572,0,4096,1,0,0,0,22,19,4401,1
686,5,release_candidate,daily_state,1,0,1,0,0.239646,0.060318,0.000209,0.178930,0.273000,0.000000,5572,0,4096,1,0,0,0,22,19,4401,1
687,5,release_candidate,daily_ipc,1,0,1,0,0.328994,0.059539,0.000093,0.269175,0.359000,0.000000,5572,0,4096,1,0,0,0,22,19,4401,1
688,5,release_candidate,rc_novel_11,1,1,0,0,37.564872,0.375718,22.617191,14.571397,22.443000,15.967000,5572,0,4096,1,0,0,2,22,20,4407,1
689,5,release_candidate,daily_file,1,0,1,0,0.446515,0.097956,0.000148,0.348041,0.432000,0.061000,5572,0,4096,1,0,0,0,22,20,4407,1
690,5,release_candidate,daily_hash,1,0,1,0,13.270812,0.092026,0.000840,13.177375,10.496000,3.970000,5572,0,4096,1,0,0,0,22,20,4407,1
691,5,release_candidate,daily_http,1,0,1,0,1.259952,0.136572,0.000229,1.122893,1.321000,0.000000,5576,0,4096,1,0,0,0,22,20,4407,1
692,5,release_candidate,daily_state,1,0,1,0,0.328518,0.069325,0.000238,0.258608,0.376000,0.000000,5576,0,4096,1,0,0,0,22,20,4407,1
693,5,release_candidate,daily_ipc,1,0,1,0,0.337949,0.100929,0.000095,0.236680,0.373000,0.000000,5576,0,4096,1,0,0,0,22,20,4407,1
694,5,release_candidate,daily_file,1,0,1,0,0.336691,0.061684,0.000195,0.274618,0.372000,0.000000,5576,0,4096,1,0,0,0,22,20,4407,1
695,5,release_candidate,daily_hash,1,0,1,0,13.311827,0.060574,0.000689,13.250313,10.652000,3.968000,5576,0,4096,1,0,0,0,22,20,4407,1
696,5,release_candidate,daily_http,1,0,1,0,1.172290,0.170911,0.000488,1.000661,1.335000,0.011000,5576,0,4096,1,0,0,0,22,20,4407,1
697,5,release_candidate,daily_state,1,0,1,0,0.306536,0.064103,0.000314,0.241924,0.344000,0.000000,5576,0,4096,1,0,0,0,22,20,4407,1
698,5,release_candidate,daily_ipc,1,0,1,0,0.296427,0.062416,0.000203,0.233612,0.331000,0.000000,5576,0,4096,1,0,0,0,22,20,4407,1
699,5,release_candidate,daily_file,1,0,1,0,0.315277,0.062503,0.000438,0.252133,0.358000,0.000000,5576,0,4096,1,0,0,0,22,20,4407,1
700,5,release_candidate,daily_hash,1,0,1,0,16.350365,0.061634,0.000855,16.287665,12.491000,4.691000,5576,0,4096,1,0,0,0,22,20,4407,1
701,5,release_candidate,daily_http,1,0,1,0,1.080088,0.162069,0.000471,0.917318,1.101000,0.024000,5576,0,4096,1,0,0,0,22,20,4407,1
702,5,release_candidate,daily_state,1,0,1,0,0.596993,0.069309,0.000264,0.527146,0.639000,0.000000,5576,0,4096,1,0,0,0,22,20,4407,1
703,5,release_candidate,daily_ipc,1,0,1,0,0.382010,0.065264,0.000327,0.316217,0.316000,0.044000,5576,0,4096,1,0,0,0,22,20,4407,1
704,5,release_candidate,daily_file,1,0,1,0,0.239551,0.060143,0.000093,0.179105,0.272000,0.000000,5576,0,4096,1,0,0,0,22,20,4407,1
705,5,release_candidate,daily_hash,1,0,1,0,17.281198,0.088103,0.000709,17.192140,10.520000,4.729000,5576,0,4096,1,0,0,0,22,20,4407,1
706,5,release_candidate,daily_http,1,0,1,0,1.013790,0.136178,0.000303,0.877098,0.947000,0.125000,5576,0,4096,1,0,0,0,22,20,4407,1
707,5,release_candidate,daily_state,1,0,1,0,0.399531,0.079147,0.000344,0.319797,0.415000,0.058000,5576,0,4096,1,0,0,0,22,20,4407,1
708,5,release_candidate,daily_ipc,1,0,1,0,0.353014,0.063658,0.000514,0.288637,0.401000,0.000000,5576,0,4096,1,0,0,0,22,20,4407,1
