episode,day,day_name,task,category,manual_minutes,success,first_seen,semantic,recovery,repair,structural_change,planner_ms,consolidation_ms,executor_ms,wall_ms,attention_seconds,permanent_words,provisional_words,structure_bytes,rss_kb,read_bytes,write_bytes,uniform
1,0,Mon Aug 17,morning_digest,information,12,1,1,5,0,0,1,0.069499,0.026356,0.953160,1.049287,42.000000,0,0,126,4360,0,8192,1
2,0,Mon Aug 17,report_intake,office,8.000000,1,1,5,0,0,1,0.022814,0.013491,0.085496,0.121958,42.000000,0,0,223,4424,0,4096,1
3,0,Mon Aug 17,system_health,system,4.000000,1,1,5,0,0,2,0.019476,0.029143,0.235152,0.283934,42.000000,0,1,328,4432,0,4096,1
4,0,Mon Aug 17,backup_verify,system,3.000000,1,1,4,0,0,2,0.013009,0.135713,11.732638,11.881567,39.000000,0,2,411,4432,0,4096,1
5,0,Mon Aug 17,local_sync,office,3.000000,1,1,5,0,0,2,0.049897,0.034886,0.730369,0.815321,42.000000,0,3,499,4440,0,4096,1
6,0,Mon Aug 17,reminder_refresh,admin,2.000000,1,1,4,0,0,2,0.024592,0.033033,2.494663,2.552458,39.000000,0,4,604,4512,0,4096,1
7,0,Mon Aug 17,state_snapshot,admin,2.000000,1,1,2,0,0,3,0.014591,0.047104,0.100515,0.190189,33.000000,1,4,691,4512,0,4096,1
8,0,Mon Aug 17,project_alpha,project,9.000000,1,1,4,0,0,2,0.057947,0.260108,11.630504,11.948763,39.000000,1,5,829,4512,0,4096,1
9,0,Mon Aug 17,project_beta,project,10.000000,1,1,5,0,0,2,0.094119,0.073136,0.893718,1.061179,42.000000,1,6,839,4536,0,4096,1
10,0,Mon Aug 17,project_gamma,project,7.000000,1,1,5,0,0,2,0.032179,0.078836,0.235287,0.346469,42.000000,1,7,859,4540,0,4096,1
11,0,Mon Aug 17,afternoon_digest,information,8.000000,1,1,2,0,0,2,0.060962,0.143058,0.474147,0.678361,33.000000,1,8,882,4564,0,4096,1
12,0,Mon Aug 17,closeout,office,6.000000,1,1,5,0,0,2,0.040094,0.104406,0.173635,0.318341,42.000000,1,9,915,4564,0,4096,1
13,1,Tue Aug 18,morning_digest,information,12.000000,1,0,1,0,0,0,0.005135,0.000293,0.437546,0.443150,4.000000,1,9,931,4576,0,4096,1
14,1,Tue Aug 18,report_intake,office,8.000000,1,0,1,0,0,0,0.127057,0.000054,0.102842,0.230134,4.000000,1,9,927,4576,0,4096,1
15,1,Tue Aug 18,system_health,system,4.000000,1,0,1,0,0,0,0.005516,0.000064,0.136526,0.142284,4.000000,1,9,947,4576,0,4096,1
16,1,Tue Aug 18,local_sync,office,3.000000,1,0,1,0,0,0,0.006311,0.000067,0.224958,0.231512,4.000000,1,9,950,4576,0,4096,1
17,1,Tue Aug 18,morning_digest,information,12.000000,1,0,1,0,0,0,0.004452,0.000056,0.296687,0.301375,4.000000,1,9,950,4576,0,4096,1
18,1,Tue Aug 18,report_intake,office,8.000000,1,0,1,0,0,0,0.031318,0.000048,0.115035,0.146571,4.000000,1,9,950,4576,0,4096,1
19,1,Tue Aug 18,system_health,system,4.000000,1,0,1,0,0,0,0.004514,0.000044,0.141775,0.146512,4.000000,1,9,950,4576,0,4096,1
20,1,Tue Aug 18,local_sync,office,3.000000,1,0,1,0,0,0,0.004513,0.000068,0.189804,0.194562,4.000000,1,9,950,4576,0,4096,1
21,1,Tue Aug 18,project_delta,project,8.000000,1,1,3,0,0,2,0.096162,0.105122,0.061522,0.263004,36.000000,1,10,966,4576,0,4096,1
22,1,Tue Aug 18,project_epsilon,project,6.000000,1,1,2,0,0,1,0.021396,0.055688,0.116289,0.193571,33.000000,1,10,974,4576,0,4096,1
23,1,Tue Aug 18,backup_verify,system,3.000000,1,0,1,0,0,0,0.005120,0.000458,11.000487,11.006291,4.000000,1,10,950,4576,0,4096,1
24,1,Tue Aug 18,reminder_refresh,admin,2.000000,1,0,1,0,0,0,0.105919,0.000154,2.844798,2.951052,4.000000,1,10,949,4576,0,4096,1
25,1,Tue Aug 18,closeout,office,6.000000,1,0,1,0,0,0,3.303599,0.000398,0.646653,3.950840,4.000000,1,10,947,4576,0,4096,1
26,2,Wed Aug 19,morning_digest,information,12.000000,1,0,1,0,0,0,0.008754,0.000202,0.903641,0.912822,4.000000,1,10,956,4584,0,4096,1
27,2,Wed Aug 19,report_intake,office,8.000000,1,0,1,0,0,0,0.047122,0.000077,0.103496,0.150876,4.000000,1,10,948,4584,0,4096,1
28,2,Wed Aug 19,system_health,system,4.000000,1,0,1,0,0,0,0.006005,0.000065,0.178419,0.184671,4.000000,1,10,962,4584,0,4096,1
29,2,Wed Aug 19,client_job_0,project,5.000000,1,1,1,0,0,2,0.152864,0.182278,0.394377,0.729726,30.000000,1,11,982,4592,0,4096,1
30,2,Wed Aug 19,client_job_1,project,6.500000,1,1,3,0,0,3,0.031544,0.134101,2.321616,2.487505,36.000000,2,11,1004,4592,0,4096,1
31,2,Wed Aug 19,client_job_2,project,8.000000,1,1,3,0,0,2,0.036801,0.217516,2.351208,2.605719,36.000000,2,12,1087,4592,0,4096,1
32,2,Wed Aug 19,client_job_3,project,9.500000,1,1,4,0,0,2,0.030334,0.224325,0.240515,0.495374,39.000000,2,13,1094,4592,0,4096,1
33,2,Wed Aug 19,client_job_4,project,5.000000,1,1,3,0,0,3,0.062981,0.243798,0.179410,0.486383,36.000000,2,13,1105,4592,0,4096,1
34,2,Wed Aug 19,client_job_5,project,6.500000,1,1,2,0,0,2,0.025990,0.504664,14.262579,14.793468,33.000000,2,14,1103,4592,0,4096,1
35,2,Wed Aug 19,client_job_6,project,8.000000,1,1,4,0,0,2,0.171765,0.342505,0.980802,1.495318,39.000000,2,15,1135,4600,0,4096,1
36,2,Wed Aug 19,client_job_7,project,9.500000,1,1,2,0,0,2,0.038218,0.246400,0.083844,0.368666,33.000000,2,16,1142,4600,0,4096,1
37,2,Wed Aug 19,local_sync,office,3.000000,1,0,1,0,0,0,0.007540,0.000171,0.286599,0.294483,4.000000,2,16,1129,4600,0,4096,1
38,2,Wed Aug 19,reminder_refresh,admin,2.000000,1,0,1,0,0,0,0.047460,0.000077,2.344892,2.392605,4.000000,2,16,1136,4600,0,4096,1
39,2,Wed Aug 19,closeout,office,6.000000,1,0,1,0,0,0,0.008253,0.000320,0.184291,0.193037,4.000000,2,16,1136,4600,0,4096,1
40,3,Thu Aug 20,morning_digest,information,12.000000,1,0,1,0,1,2,0.050756,0.345682,0.560791,0.957451,24.000000,2,17,1161,4612,0,4096,1
41,3,Thu Aug 20,report_intake,office,8.000000,1,0,1,0,1,2,0.078404,0.367733,0.179992,0.626357,24.000000,2,18,1171,4612,0,4096,1
42,3,Thu Aug 20,system_health,system,4.000000,1,0,1,0,0,0,0.006895,0.000073,0.199440,0.206589,4.000000,2,18,1188,4620,0,4096,1
43,3,Thu Aug 20,backup_verify,system,3.000000,1,0,1,0,0,0,0.006763,0.000471,12.262211,12.269664,4.000000,2,18,1158,4620,0,4096,1
44,3,Thu Aug 20,local_sync,office,3.000000,1,0,1,0,0,0,0.050768,0.000363,0.801515,0.852833,4.000000,2,18,1158,4620,0,4096,1
45,3,Thu Aug 20,ad_hoc_0,project,4.000000,1,1,1,0,0,3,0.198944,0.428018,0.283134,0.910293,30.000000,3,18,1163,4620,0,8192,1
46,3,Thu Aug 20,ad_hoc_1,project,6.000000,1,1,4,0,0,3,0.131377,0.384494,0.294675,0.810761,39.000000,4,19,1239,4624,0,4096,1
47,3,Thu Aug 20,ad_hoc_2,project,8.000000,1,1,2,0,0,4,0.040213,1.003996,3.044806,4.089246,33.000000,4,18,1302,4624,0,4096,1
48,3,Thu Aug 20,ad_hoc_3,project,4.000000,1,1,2,0,0,3,0.093716,0.669907,0.719711,1.483539,33.000000,5,18,1293,4632,0,4096,1
49,3,Thu Aug 20,ad_hoc_4,project,6.000000,1,1,3,0,0,3,0.046355,1.036071,22.057222,23.139890,36.000000,5,18,1341,4632,0,4096,1
50,3,Thu Aug 20,ad_hoc_5,project,8.000000,1,1,1,0,0,2,0.146070,0.688228,0.410355,1.244872,30.000000,5,19,1343,4632,0,4096,1
51,3,Thu Aug 20,ad_hoc_6,project,4.000000,1,1,2,0,0,2,0.076786,0.509953,0.229698,0.816664,33.000000,5,20,1354,4640,0,4096,1
52,3,Thu Aug 20,ad_hoc_7,project,6.000000,1,1,3,0,0,2,0.086957,0.625595,2.247103,2.959850,36.000000,5,19,1375,4640,0,4096,1
53,3,Thu Aug 20,ad_hoc_8,project,8.000000,1,1,2,0,0,2,0.091567,0.775832,0.106680,0.974310,33.000000,5,20,1390,4640,0,4096,1
54,3,Thu Aug 20,ad_hoc_9,project,4.000000,1,1,3,0,0,1,0.084994,0.771803,0.758262,1.615264,36.000000,5,20,1405,4664,0,4096,1
55,3,Thu Aug 20,closeout,office,6.000000,1,0,1,0,0,0,0.013602,0.000197,0.218314,0.232318,4.000000,5,20,1418,4664,0,4096,1
56,4,Fri Aug 21,morning_digest,information,12.000000,1,0,1,0,0,0,0.012738,0.000285,0.552293,0.565527,4.000000,5,20,1439,4664,0,4096,1
57,4,Fri Aug 21,report_intake,office,8.000000,1,0,1,0,0,0,0.014970,0.000079,0.185230,0.200451,4.000000,5,20,1458,4664,0,4096,1
58,4,Fri Aug 21,system_health,system,4.000000,1,0,1,0,0,0,0.013002,0.000066,0.133063,0.146317,4.000000,5,20,1468,4664,0,4096,1
59,4,Fri Aug 21,project_alpha,project,9.000000,1,0,2,1,0,1,0.024405,0.000417,14.227542,14.252625,27.000000,5,20,1476,4664,0,4096,1
60,4,Fri Aug 21,project_alpha,project,9.000000,1,0,1,0,0,0,0.084160,0.000709,12.318746,12.403789,4.000000,5,20,1476,4664,0,4096,1
61,4,Fri Aug 21,friday_job_0,project,5.000000,1,1,2,0,0,2,0.510948,1.242651,11.789651,13.543511,33.000000,6,20,1480,4664,0,4096,1
62,4,Fri Aug 21,friday_job_1,project,6.000000,1,1,1,0,0,3,0.258783,1.032778,0.345047,1.636814,30.000000,7,20,1567,4664,0,4096,1
63,4,Fri Aug 21,friday_job_2,project,7.000000,1,1,1,0,0,1,0.109347,0.848794,0.289601,1.247991,30.000000,7,20,1606,4664,0,4096,1
64,4,Fri Aug 21,friday_job_3,project,8.000000,1,1,3,0,0,2,0.061138,1.153726,2.354837,3.569952,36.000000,8,20,1622,4664,0,4096,1
65,4,Fri Aug 21,friday_job_4,project,5.000000,1,1,1,0,0,1,0.058378,1.042600,2.297172,3.398424,30.000000,8,20,1695,4664,0,4096,1
66,4,Fri Aug 21,friday_job_5,project,6.000000,1,1,3,0,0,4,0.088035,1.583277,1.052419,2.723936,36.000000,9,18,1706,4680,0,4096,1
67,4,Fri Aug 21,friday_job_6,project,7.000000,1,1,3,0,0,2,0.100722,1.882838,12.548603,14.532432,36.000000,9,19,1752,4680,0,4096,1
68,4,Fri Aug 21,friday_job_7,project,8.000000,1,1,2,0,0,2,0.229617,1.758047,0.091314,2.079218,33.000000,9,20,1778,4680,0,4096,1
69,4,Fri Aug 21,weekly_work_summary,office,15.000000,1,1,2,0,0,2,0.326359,2.585664,0.284030,3.196323,33.000000,9,19,1828,4680,0,4096,1
70,4,Fri Aug 21,backup_verify,system,3.000000,1,0,1,0,0,0,0.024150,0.000354,11.651737,11.676460,4.000000,9,19,1812,4680,0,4096,1
71,5,Sat Aug 22,morning_digest,information,8.000000,1,0,1,0,0,0,0.298308,0.000405,1.263885,1.562769,4.000000,9,19,1837,4684,0,4096,1
72,5,Sat Aug 22,system_health,system,3.000000,1,0,1,0,0,0,0.137543,0.000155,0.330185,0.468090,4.000000,9,19,1838,4684,0,4096,1
73,5,Sat Aug 22,backup_verify,system,3.000000,1,0,1,0,0,0,0.024886,0.000354,11.277417,11.302880,4.000000,9,19,1838,4684,0,4096,1
74,5,Sat Aug 22,weekend_cleanup,admin,6.000000,1,1,1,0,0,2,0.705950,2.009870,0.516019,3.232066,30.000000,9,20,1858,4684,0,4096,1
75,5,Sat Aug 22,reminder_refresh,admin,2.000000,1,0,1,0,0,0,0.024520,0.000222,2.410003,2.434937,4.000000,9,20,1856,4684,0,4096,1
76,6,Sun Aug 23,morning_digest,information,8.000000,1,0,1,0,0,0,0.085648,0.000222,0.981136,1.067208,4.000000,9,20,1856,4688,0,4096,1
77,6,Sun Aug 23,system_health,system,3.000000,1,0,1,0,0,0,0.039212,0.000225,0.307739,0.347360,4.000000,9,20,1856,4688,0,4096,1
78,6,Sun Aug 23,backup_verify,system,3.000000,1,0,1,0,0,0,0.061164,0.000466,13.545991,13.607917,4.000000,9,20,1856,4688,0,4096,1
79,6,Sun Aug 23,weekly_personal_summary,admin,10.000000,1,1,2,0,0,2,0.917801,3.220818,0.607053,4.745878,33.000000,9,19,1908,4688,0,4096,1
80,6,Sun Aug 23,next_week_prepare,admin,8.000000,1,1,1,0,0,2,0.290274,2.127185,2.451567,4.869241,30.000000,9,20,1939,4688,0,4096,1
81,6,Sun Aug 23,reminder_refresh,admin,2.000000,1,0,1,0,0,0,0.023735,0.000279,2.470389,2.494644,4.000000,9,20,1939,4688,0,4096,1
