episode,task,success,semantic,structural_change,state,candidate,wall_ms,cpu_ms,theta,derived,uniform
1,online_file,1,2,1,DEVELOPING,0,287.256,286.275,r=256;w=256;s=256;sum=0;ext=0;proc=0;timer=800,11,1
2,online_file,1,1,0,DEVELOPING,0,201.897,191.251,r=256;w=256;s=256;sum=0;ext=0;proc=0;timer=800,11,1
3,online_file,1,1,0,DEVELOPING,0,208.154,207.137,r=256;w=256;s=256;sum=0;ext=0;proc=0;timer=800,11,1
4,online_file,1,1,0,DESCENT,0,217.08,215.937,r=256;w=256;s=256;sum=0;ext=0;proc=0;timer=800,11,1
5,online_file,1,1,0,DESCENT,0,245.869,244.18,r=256;w=256;s=256;sum=0;ext=0;proc=0;timer=800,11,1
6,online_file,1,1,0,DESCENT,0,225.664,224.42,r=256;w=256;s=256;sum=0;ext=0;proc=0;timer=800,11,1
7,online_file,1,1,0,DESCENT,1,197.193,196.216,r=1024;w=256;s=256;sum=0;ext=0;proc=0;timer=800,11,1
8,online_file,1,1,0,DESCENT,0,201.134,200.533,r=1024;w=256;s=256;sum=0;ext=0;proc=0;timer=800,11,1
9,online_file,1,1,0,DESCENT,0,211.481,210.319,r=1024;w=256;s=256;sum=0;ext=0;proc=0;timer=800,11,1
10,online_file,1,1,0,DESCENT,1,246.501,241.716,r=256;w=256;s=256;sum=0;ext=0;proc=0;timer=800,11,1
11,online_file,1,1,0,DESCENT,1,206.083,205.275,r=16384;w=256;s=256;sum=0;ext=0;proc=0;timer=800,11,1
12,online_file,1,1,0,DESCENT,1,201.088,200.249,r=1024;w=1024;s=256;sum=0;ext=0;proc=0;timer=800,11,1
13,online_file,1,1,0,DESCENT,1,131.854,130.974,r=1024;w=256;s=256;sum=1;ext=0;proc=0;timer=800,11,1
14,online_file,1,1,0,DESCENT,0,50.3719,48.727,r=1024;w=256;s=256;sum=1;ext=0;proc=0;timer=800,11,1
15,online_file,1,1,0,DESCENT,0,50.9151,49.213,r=1024;w=256;s=256;sum=1;ext=0;proc=0;timer=800,11,1
16,online_file,1,1,0,DESCENT,1,114.58,113.078,r=1024;w=256;s=256;sum=0;ext=0;proc=0;timer=800,11,1
17,online_file,1,1,0,DESCENT,1,137.779,135.858,r=512;w=256;s=256;sum=1;ext=0;proc=0;timer=800,11,1
18,online_file,1,1,0,DESCENT,1,54.4985,53.007,r=4096;w=256;s=256;sum=1;ext=0;proc=0;timer=800,11,1
19,online_file,1,1,0,DESCENT,1,54.5161,52.48,r=1024;w=128;s=256;sum=1;ext=0;proc=0;timer=800,11,1
20,online_file,1,1,0,DESCENT,1,62.2193,60.911,r=1024;w=512;s=256;sum=1;ext=0;proc=0;timer=800,11,1
21,online_file,1,1,0,DESCENT,1,118.827,117.583,r=1024;w=256;s=256;sum=0;ext=0;proc=0;timer=800,11,1
22,online_file,1,1,0,DESCENT,1,146.672,145.658,r=512;w=256;s=256;sum=1;ext=0;proc=0;timer=800,11,1
23,online_file,1,1,0,DESCENT,1,51.0572,48.967,r=4096;w=256;s=256;sum=1;ext=0;proc=0;timer=800,11,1
24,online_file,1,1,0,DESCENT,1,50.5544,48.954,r=1024;w=128;s=256;sum=1;ext=0;proc=0;timer=800,11,1
25,online_file,1,1,0,CONVERGED,1,50.3348,48.345,r=1024;w=512;s=256;sum=1;ext=0;proc=0;timer=800,11,1
26,online_file,1,1,0,CONVERGED,0,50.9649,48.903,r=1024;w=256;s=256;sum=1;ext=0;proc=0;timer=800,11,1
27,online_file,1,1,0,CONVERGED,0,53.3985,51.137,r=1024;w=256;s=256;sum=1;ext=0;proc=0;timer=800,11,1
28,online_file,1,1,0,CONVERGED,0,51.3827,49.647,r=1024;w=256;s=256;sum=1;ext=0;proc=0;timer=800,11,1
29,online_file,1,1,0,CONVERGED,0,50.3236,48.846,r=1024;w=256;s=256;sum=1;ext=0;proc=0;timer=800,11,1
30,online_file,1,1,0,CONVERGED,0,51.8145,50.055,r=1024;w=256;s=256;sum=1;ext=0;proc=0;timer=800,11,1
31,online_file,1,1,0,CONVERGED,0,50.928,48.849,r=1024;w=256;s=256;sum=1;ext=0;proc=0;timer=800,11,1
32,online_file,1,1,0,CONVERGED,0,95.6035,56.708,r=1024;w=256;s=256;sum=1;ext=0;proc=0;timer=800,11,1
33,online_file,1,1,0,CONVERGED,0,51.8872,49.377,r=1024;w=256;s=256;sum=1;ext=0;proc=0;timer=800,11,1
34,online_file,1,1,0,CONVERGED,0,51.3765,49.796,r=1024;w=256;s=256;sum=1;ext=0;proc=0;timer=800,11,1
35,online_file,1,1,0,CONVERGED,0,62.0595,59.845,r=1024;w=256;s=256;sum=1;ext=0;proc=0;timer=800,11,1
36,online_file,1,1,0,CONVERGED,0,56.5857,55.283,r=1024;w=256;s=256;sum=1;ext=0;proc=0;timer=800,11,1
37,online_file,1,1,0,CONVERGED,0,52.3593,50.892,r=1024;w=256;s=256;sum=1;ext=0;proc=0;timer=800,11,1
38,online_file,1,1,0,CONVERGED,0,54.1104,51.871,r=1024;w=256;s=256;sum=1;ext=0;proc=0;timer=800,11,1
39,online_file,1,1,0,CONVERGED,0,52.3882,50.161,r=1024;w=256;s=256;sum=1;ext=0;proc=0;timer=800,11,1
40,online_file,1,1,0,CONVERGED,0,53.7077,52.354,r=1024;w=256;s=256;sum=1;ext=0;proc=0;timer=800,11,1
41,online_file,1,1,0,CONVERGED,0,56.1882,53.566,r=1024;w=256;s=256;sum=1;ext=0;proc=0;timer=800,11,1
42,online_file,1,1,0,CONVERGED,0,238.443,52.166,r=1024;w=256;s=256;sum=1;ext=0;proc=0;timer=800,11,1
43,online_file,1,1,0,CONVERGED,0,1247.28,72.618,r=1024;w=256;s=256;sum=1;ext=0;proc=0;timer=800,11,1
44,online_file,1,1,0,CONVERGED,0,55.4715,53.526,r=1024;w=256;s=256;sum=1;ext=0;proc=0;timer=800,11,1
45,online_file,1,1,0,CONVERGED,0,52.3709,50.576,r=1024;w=256;s=256;sum=1;ext=0;proc=0;timer=800,11,1
46,online_file,1,1,0,CONVERGED,0,53.9066,51.656,r=1024;w=256;s=256;sum=1;ext=0;proc=0;timer=800,11,1
47,online_file,1,1,0,CONVERGED,0,55.1121,52.59,r=1024;w=256;s=256;sum=1;ext=0;proc=0;timer=800,11,1
48,online_file,1,1,0,CONVERGED,0,51.8056,49.91,r=1024;w=256;s=256;sum=1;ext=0;proc=0;timer=800,11,1
49,online_file,1,1,0,CONVERGED,0,51.9668,50.269,r=1024;w=256;s=256;sum=1;ext=0;proc=0;timer=800,11,1
50,online_file,1,1,0,CONVERGED,0,52.895,50.016,r=1024;w=256;s=256;sum=1;ext=0;proc=0;timer=800,11,1
51,online_file,1,1,0,CONVERGED,0,54.1909,52.533,r=1024;w=256;s=256;sum=1;ext=0;proc=0;timer=800,11,1
52,online_file,1,1,0,CONVERGED,0,53.8486,50.384,r=1024;w=256;s=256;sum=1;ext=0;proc=0;timer=800,11,1
53,online_file,1,1,0,CONVERGED,0,55.4606,53.605,r=1024;w=256;s=256;sum=1;ext=0;proc=0;timer=800,11,1
54,online_file,1,1,0,CONVERGED,0,52.4533,49.426,r=1024;w=256;s=256;sum=1;ext=0;proc=0;timer=800,11,1
55,online_file,1,1,0,CONVERGED,0,51.4985,49.041,r=1024;w=256;s=256;sum=1;ext=0;proc=0;timer=800,11,1
56,online_file,1,1,0,CONVERGED,0,51.1185,49.804,r=1024;w=256;s=256;sum=1;ext=0;proc=0;timer=800,11,1
57,online_file,1,1,0,CONVERGED,0,50.9149,49.077,r=1024;w=256;s=256;sum=1;ext=0;proc=0;timer=800,11,1
58,online_file,1,1,0,CONVERGED,0,50.9773,49.123,r=1024;w=256;s=256;sum=1;ext=0;proc=0;timer=800,11,1
59,online_file,1,1,0,CONVERGED,0,51.0583,49.147,r=1024;w=256;s=256;sum=1;ext=0;proc=0;timer=800,11,1
60,online_file,1,1,0,CONVERGED,0,50.201,48.674,r=1024;w=256;s=256;sum=1;ext=0;proc=0;timer=800,11,1
61,online_http,1,2,1,DEVELOPING,0,11.0389,9.787,r=256;w=256;s=256;sum=0;ext=0;proc=0;timer=800,11,1
62,online_http,1,1,0,DEVELOPING,0,10.864,9.013,r=256;w=256;s=256;sum=0;ext=0;proc=0;timer=800,11,1
63,online_http,1,1,0,DEVELOPING,0,11.3379,9.792,r=256;w=256;s=256;sum=0;ext=0;proc=0;timer=800,11,1
64,online_http,1,1,0,DESCENT,0,11.4297,9.617,r=256;w=256;s=256;sum=0;ext=0;proc=0;timer=800,11,1
65,online_http,1,1,0,DESCENT,0,11.4101,9.225,r=256;w=256;s=256;sum=0;ext=0;proc=0;timer=800,11,1
66,online_http,1,1,0,DESCENT,0,10.4538,9.216,r=256;w=256;s=256;sum=0;ext=0;proc=0;timer=800,11,1
67,online_http,1,1,0,DESCENT,1,10.9696,9.335,r=256;w=1024;s=256;sum=0;ext=0;proc=0;timer=800,11,1
68,online_http,1,1,0,DESCENT,0,10.975,9.339,r=256;w=1024;s=256;sum=0;ext=0;proc=0;timer=800,11,1
69,online_http,1,1,0,DESCENT,0,11.2697,9.349,r=256;w=1024;s=256;sum=0;ext=0;proc=0;timer=800,11,1
70,online_http,1,1,0,DESCENT,1,11.2934,9.323,r=256;w=256;s=256;sum=0;ext=0;proc=0;timer=800,11,1
71,online_http,1,1,0,DESCENT,1,11.3998,9.414,r=256;w=16384;s=256;sum=0;ext=0;proc=0;timer=800,11,1
72,online_http,1,1,0,DESCENT,1,11.8539,9.373,r=256;w=1024;s=1024;sum=0;ext=0;proc=0;timer=800,11,1
73,online_http,1,1,0,DESCENT,1,9.66247,8.299,r=256;w=1024;s=256;sum=1;ext=0;proc=0;timer=800,11,1
74,online_http,1,1,0,DESCENT,0,16.6267,8.639,r=256;w=1024;s=256;sum=1;ext=0;proc=0;timer=800,11,1
75,online_http,1,1,0,DESCENT,0,10.6545,8.979,r=256;w=1024;s=256;sum=1;ext=0;proc=0;timer=800,11,1
76,online_http,1,1,0,DESCENT,1,12.0034,10.376,r=256;w=1024;s=256;sum=0;ext=0;proc=0;timer=800,11,1
77,online_http,1,1,0,DESCENT,1,9.65913,8.281,r=256;w=512;s=256;sum=1;ext=0;proc=0;timer=800,11,1
78,online_http,1,1,0,DESCENT,1,10.911,9.207,r=256;w=4096;s=256;sum=1;ext=0;proc=0;timer=800,11,1
79,online_http,1,1,0,DESCENT,0,10.4431,8.78,r=256;w=512;s=256;sum=1;ext=0;proc=0;timer=800,11,1
80,online_http,1,1,0,DESCENT,0,11.1463,9.26,r=256;w=512;s=256;sum=1;ext=0;proc=0;timer=800,11,1
81,online_http,1,1,0,DESCENT,1,10.0506,8.714,r=256;w=256;s=256;sum=1;ext=0;proc=0;timer=800,11,1
82,online_http,1,1,0,DESCENT,1,10.5648,8.462,r=256;w=1024;s=256;sum=1;ext=0;proc=0;timer=800,11,1
83,online_http,1,1,0,DESCENT,0,11.751,9.387,r=256;w=256;s=256;sum=1;ext=0;proc=0;timer=800,11,1
84,online_http,1,1,0,DESCENT,0,10.6976,9.044,r=256;w=256;s=256;sum=1;ext=0;proc=0;timer=800,11,1
85,online_http,1,1,0,DESCENT,1,10.7762,9.032,r=256;w=128;s=256;sum=1;ext=0;proc=0;timer=800,11,1
86,online_http,1,1,0,DESCENT,1,10.6307,8.927,r=256;w=512;s=256;sum=1;ext=0;proc=0;timer=800,11,1
87,online_http,1,1,0,DESCENT,1,10.9073,9.307,r=256;w=256;s=128;sum=1;ext=0;proc=0;timer=800,11,1
88,online_http,1,1,0,DESCENT,1,9.44144,7.743,r=256;w=256;s=512;sum=1;ext=0;proc=0;timer=800,11,1
89,online_http,1,1,0,DESCENT,0,9.88931,8.251,r=256;w=256;s=512;sum=1;ext=0;proc=0;timer=800,11,1
90,online_http,1,1,0,DESCENT,0,9.73441,8.111,r=256;w=256;s=512;sum=1;ext=0;proc=0;timer=800,11,1
91,online_http,1,1,0,DESCENT,1,9.662,8.149,r=256;w=256;s=256;sum=1;ext=0;proc=0;timer=800,11,1
92,online_http,1,1,0,DESCENT,1,9.94833,8.326,r=256;w=256;s=1024;sum=1;ext=0;proc=0;timer=800,11,1
93,online_http,1,1,0,DESCENT,1,18.2102,16.612,r=256;w=256;s=512;sum=0;ext=0;proc=0;timer=800,11,1
94,online_http,1,1,0,DESCENT,1,10.2712,8.244,r=256;w=128;s=512;sum=1;ext=0;proc=0;timer=800,11,1
95,online_http,1,1,0,DESCENT,1,10.0682,8.528,r=256;w=512;s=512;sum=1;ext=0;proc=0;timer=800,11,1
96,online_http,1,1,0,DESCENT,1,10.5486,8.738,r=256;w=256;s=256;sum=1;ext=0;proc=0;timer=800,11,1
97,online_http,1,1,0,DESCENT,1,10.2881,8.532,r=256;w=256;s=1024;sum=1;ext=0;proc=0;timer=800,11,1
98,online_http,1,1,0,DESCENT,1,12.3113,10.333,r=256;w=256;s=512;sum=0;ext=0;proc=0;timer=800,11,1
99,online_http,1,1,0,DESCENT,1,9.13587,7.856,r=256;w=128;s=512;sum=1;ext=0;proc=0;timer=800,11,1
100,online_http,1,1,0,DESCENT,1,9.60975,8.156,r=256;w=512;s=512;sum=1;ext=0;proc=0;timer=800,11,1
101,online_http,1,1,0,DESCENT,0,9.85932,8.033,r=256;w=128;s=512;sum=1;ext=0;proc=0;timer=800,11,1
102,online_http,1,1,0,DESCENT,0,8.83413,7.723,r=256;w=128;s=512;sum=1;ext=0;proc=0;timer=800,11,1
103,online_http,1,1,0,DESCENT,1,9.23773,7.671,r=256;w=256;s=512;sum=1;ext=0;proc=0;timer=800,11,1
104,online_http,1,1,0,DESCENT,1,9.90463,8.525,r=256;w=128;s=256;sum=1;ext=0;proc=0;timer=800,11,1
105,online_http,1,1,0,DESCENT,1,9.0125,7.608,r=256;w=128;s=1024;sum=1;ext=0;proc=0;timer=800,11,1
106,online_http,1,1,0,DESCENT,1,10.9638,9.114,r=256;w=128;s=512;sum=0;ext=0;proc=0;timer=800,11,1
107,online_http,1,1,0,DESCENT,1,9.18753,7.593,r=256;w=256;s=512;sum=1;ext=0;proc=0;timer=800,11,1
108,online_http,1,1,0,DESCENT,1,10.129,8.577,r=256;w=128;s=256;sum=1;ext=0;proc=0;timer=800,11,1
109,online_http,1,1,0,DESCENT,1,9.73728,8.141,r=256;w=128;s=1024;sum=1;ext=0;proc=0;timer=800,11,1
110,online_http,1,1,0,CONVERGED,1,12.0282,10.115,r=256;w=128;s=512;sum=0;ext=0;proc=0;timer=800,11,1
111,online_http,1,1,0,CONVERGED,0,19.7507,7.894,r=256;w=128;s=512;sum=1;ext=0;proc=0;timer=800,11,1
112,online_http,1,1,0,CONVERGED,0,11.4857,9.141,r=256;w=128;s=512;sum=1;ext=0;proc=0;timer=800,11,1
113,online_http,1,1,0,CONVERGED,0,10.5443,8.06,r=256;w=128;s=512;sum=1;ext=0;proc=0;timer=800,11,1
114,online_http,1,1,0,CONVERGED,0,11.5493,9.769,r=256;w=128;s=512;sum=1;ext=0;proc=0;timer=800,11,1
115,online_http,1,1,0,CONVERGED,0,24.2884,22.733,r=256;w=128;s=512;sum=1;ext=0;proc=0;timer=800,11,1
116,online_http,1,1,0,CONVERGED,0,10.0795,7.94,r=256;w=128;s=512;sum=1;ext=0;proc=0;timer=800,11,1
117,online_http,1,1,0,CONVERGED,0,10.4279,8.101,r=256;w=128;s=512;sum=1;ext=0;proc=0;timer=800,11,1
118,online_http,1,1,0,CONVERGED,0,18.6656,10.368,r=256;w=128;s=512;sum=1;ext=0;proc=0;timer=800,11,1
119,online_http,1,1,0,CONVERGED,0,11.8705,9.479,r=256;w=128;s=512;sum=1;ext=0;proc=0;timer=800,11,1
120,online_http,1,1,0,CONVERGED,0,9.53881,8.04,r=256;w=128;s=512;sum=1;ext=0;proc=0;timer=800,11,1
121,online_hash,1,3,1,DEVELOPING,0,38.104,37.619,r=256;w=256;s=256;sum=0;ext=0;proc=0;timer=800,11,1
122,online_hash,1,1,0,DEVELOPING,0,31.0332,30.541,r=256;w=256;s=256;sum=0;ext=0;proc=0;timer=800,11,1
123,online_hash,1,1,0,DEVELOPING,0,29.2023,28.144,r=256;w=256;s=256;sum=0;ext=0;proc=0;timer=800,11,1
124,online_hash,1,1,0,DESCENT,0,26.9047,25.922,r=256;w=256;s=256;sum=0;ext=0;proc=0;timer=800,11,1
125,online_hash,1,1,0,DESCENT,0,25.9086,24.951,r=256;w=256;s=256;sum=0;ext=0;proc=0;timer=800,11,1
126,online_hash,1,1,0,DESCENT,0,26.0839,39.622,r=256;w=256;s=256;sum=0;ext=0;proc=0;timer=800,11,1
127,online_hash,1,1,0,DESCENT,1,26.2912,25.732,r=256;w=1024;s=256;sum=0;ext=0;proc=0;timer=800,11,1
128,online_hash,1,1,0,DESCENT,1,25.6611,24.907,r=256;w=256;s=256;sum=1;ext=0;proc=0;timer=800,11,1
129,online_hash,1,1,0,DESCENT,0,26.4646,24.791,r=256;w=256;s=256;sum=1;ext=0;proc=0;timer=800,11,1
130,online_hash,1,1,0,DESCENT,0,25.7597,24.627,r=256;w=256;s=256;sum=1;ext=0;proc=0;timer=800,11,1
131,online_hash,1,1,0,DESCENT,1,28.1544,26.783,r=256;w=256;s=256;sum=0;ext=0;proc=0;timer=800,11,1
132,online_hash,1,1,0,DESCENT,1,22.4919,20.949,r=256;w=256;s=256;sum=1;ext=0;proc=1;timer=800,11,1
133,online_hash,1,1,0,DESCENT,0,22.5631,20.496,r=256;w=256;s=256;sum=1;ext=0;proc=1;timer=800,11,1
134,online_hash,1,1,0,DESCENT,0,24.5878,22.716,r=256;w=256;s=256;sum=1;ext=0;proc=1;timer=800,11,1
135,online_hash,1,1,0,DESCENT,1,27.9119,27.316,r=256;w=256;s=256;sum=1;ext=0;proc=0;timer=800,11,1
136,online_hash,1,1,0,DESCENT,1,23.9811,22.552,r=256;w=128;s=256;sum=1;ext=0;proc=1;timer=800,11,1
137,online_hash,1,1,0,DESCENT,1,26.2406,24.332,r=256;w=512;s=256;sum=1;ext=0;proc=1;timer=800,11,1
138,online_hash,1,1,0,DESCENT,1,22.4896,21.209,r=256;w=256;s=256;sum=0;ext=0;proc=1;timer=800,11,1
139,online_hash,1,1,0,DESCENT,1,26.3085,24.944,r=256;w=256;s=256;sum=1;ext=0;proc=0;timer=800,11,1
140,online_hash,1,1,0,DESCENT,1,23.7756,21.766,r=256;w=128;s=256;sum=1;ext=0;proc=1;timer=800,11,1
141,online_hash,1,1,0,DESCENT,1,26.3262,24.69,r=256;w=512;s=256;sum=1;ext=0;proc=1;timer=800,11,1
142,online_hash,1,1,0,CONVERGED,1,23.4948,21.57,r=256;w=256;s=256;sum=0;ext=0;proc=1;timer=800,11,1
143,online_hash,1,1,0,CONVERGED,0,23.7372,22.479,r=256;w=256;s=256;sum=1;ext=0;proc=1;timer=800,11,1
144,online_hash,1,1,0,CONVERGED,0,22.147,20.649,r=256;w=256;s=256;sum=1;ext=0;proc=1;timer=800,11,1
145,online_hash,1,1,0,CONVERGED,0,20.4381,18.955,r=256;w=256;s=256;sum=1;ext=0;proc=1;timer=800,11,1
146,online_hash,1,1,0,CONVERGED,0,23.5401,21.817,r=256;w=256;s=256;sum=1;ext=0;proc=1;timer=800,11,1
147,online_hash,1,1,0,CONVERGED,0,23.4967,21.596,r=256;w=256;s=256;sum=1;ext=0;proc=1;timer=800,11,1
148,online_hash,1,1,0,CONVERGED,0,23.9464,22.41,r=256;w=256;s=256;sum=1;ext=0;proc=1;timer=800,11,1
149,online_hash,1,1,0,CONVERGED,0,31.925,20.664,r=256;w=256;s=256;sum=1;ext=0;proc=1;timer=800,11,1
150,online_hash,1,1,0,CONVERGED,0,22.4874,21.039,r=256;w=256;s=256;sum=1;ext=0;proc=1;timer=800,11,1
151,online_hash,1,1,0,CONVERGED,0,24.9016,23.093,r=256;w=256;s=256;sum=1;ext=0;proc=1;timer=800,11,1
152,online_hash,1,1,0,CONVERGED,0,25.1337,23.6,r=256;w=256;s=256;sum=1;ext=0;proc=1;timer=800,11,1
153,online_hash,1,1,0,CONVERGED,0,22.123,20.952,r=256;w=256;s=256;sum=1;ext=0;proc=1;timer=800,11,1
154,online_hash,1,1,0,CONVERGED,0,25.0754,23.708,r=256;w=256;s=256;sum=1;ext=0;proc=1;timer=800,11,1
155,online_hash,1,1,0,CONVERGED,0,24.9277,22.522,r=256;w=256;s=256;sum=1;ext=0;proc=1;timer=800,11,1
156,online_hash,1,1,0,CONVERGED,0,22.926,21.208,r=256;w=256;s=256;sum=1;ext=0;proc=1;timer=800,11,1
157,online_hash,1,1,0,CONVERGED,0,22.1849,20.776,r=256;w=256;s=256;sum=1;ext=0;proc=1;timer=800,11,1
158,online_hash,1,1,0,CONVERGED,0,22.4524,20.413,r=256;w=256;s=256;sum=1;ext=0;proc=1;timer=800,11,1
159,online_hash,1,1,0,CONVERGED,0,22.6804,21.3,r=256;w=256;s=256;sum=1;ext=0;proc=1;timer=800,11,1
160,online_hash,1,1,0,CONVERGED,0,22.2091,20.677,r=256;w=256;s=256;sum=1;ext=0;proc=1;timer=800,11,1
161,online_hash,1,1,0,CONVERGED,0,37.8779,36.569,r=256;w=256;s=256;sum=1;ext=0;proc=1;timer=800,11,1
162,online_hash,1,1,0,CONVERGED,0,27.0652,25.128,r=256;w=256;s=256;sum=1;ext=0;proc=1;timer=800,11,1
163,online_hash,1,1,0,CONVERGED,0,37.6864,21.647,r=256;w=256;s=256;sum=1;ext=0;proc=1;timer=800,11,1
164,online_hash,1,1,0,CONVERGED,0,21.0678,20.069,r=256;w=256;s=256;sum=1;ext=0;proc=1;timer=800,11,1
165,online_hash,1,1,0,CONVERGED,0,28.1806,22.289,r=256;w=256;s=256;sum=1;ext=0;proc=1;timer=800,11,1
166,online_hash,1,1,0,CONVERGED,0,27.6056,26.018,r=256;w=256;s=256;sum=1;ext=0;proc=1;timer=800,11,1
167,online_hash,1,1,0,CONVERGED,0,24.2664,21.248,r=256;w=256;s=256;sum=1;ext=0;proc=1;timer=800,11,1
168,online_hash,1,1,0,CONVERGED,0,27.8749,26.144,r=256;w=256;s=256;sum=1;ext=0;proc=1;timer=800,11,1
169,online_hash,1,1,0,CONVERGED,0,24.7329,21.804,r=256;w=256;s=256;sum=1;ext=0;proc=1;timer=800,11,1
170,online_hash,1,1,0,CONVERGED,0,21.9287,19.802,r=256;w=256;s=256;sum=1;ext=0;proc=1;timer=800,11,1
171,online_hash,1,1,0,CONVERGED,0,23.1859,21.372,r=256;w=256;s=256;sum=1;ext=0;proc=1;timer=800,11,1
172,online_hash,1,1,0,CONVERGED,0,23.5909,22.121,r=256;w=256;s=256;sum=1;ext=0;proc=1;timer=800,11,1
173,online_hash,1,1,0,CONVERGED,0,25.8812,23.065,r=256;w=256;s=256;sum=1;ext=0;proc=1;timer=800,11,1
174,online_hash,1,1,0,CONVERGED,0,27.6493,23.999,r=256;w=256;s=256;sum=1;ext=0;proc=1;timer=800,11,1
175,online_hash,1,1,0,CONVERGED,0,23.222,21.111,r=256;w=256;s=256;sum=1;ext=0;proc=1;timer=800,11,1
176,online_proc,1,2,1,DEVELOPING,0,2.33083,0.531,r=256;w=256;s=256;sum=0;ext=0;proc=0;timer=800,11,1
177,online_proc,1,1,0,DEVELOPING,0,1.84539,0.24,r=256;w=256;s=256;sum=0;ext=0;proc=0;timer=800,11,1
178,online_proc,1,1,0,DEVELOPING,0,1.72498,0.194,r=256;w=256;s=256;sum=0;ext=0;proc=0;timer=800,11,1
179,online_proc,1,1,0,DESCENT,0,1.02696,0.163,r=256;w=256;s=256;sum=0;ext=0;proc=0;timer=800,11,1
180,online_proc,1,1,0,DESCENT,0,1.3678,0.212,r=256;w=256;s=256;sum=0;ext=0;proc=0;timer=800,11,1
181,online_proc,1,1,0,DESCENT,0,1.0883,0.166,r=256;w=256;s=256;sum=0;ext=0;proc=0;timer=800,11,1
182,online_proc,1,1,0,DESCENT,1,0.890222,0.147,r=1024;w=256;s=256;sum=0;ext=0;proc=0;timer=800,11,1
183,online_proc,1,1,0,DESCENT,0,4.54442,0.219,r=1024;w=256;s=256;sum=0;ext=0;proc=0;timer=800,11,1
184,online_proc,1,1,0,DESCENT,0,1.8504,0.198,r=1024;w=256;s=256;sum=0;ext=0;proc=0;timer=800,11,1
185,online_proc,1,1,0,DESCENT,1,1.23828,0.167,r=256;w=256;s=256;sum=0;ext=0;proc=0;timer=800,11,1
186,online_proc,1,1,0,DESCENT,1,1.70127,0.255,r=16384;w=256;s=256;sum=0;ext=0;proc=0;timer=800,11,1
187,online_proc,1,1,0,DESCENT,0,1.53971,0.186,r=256;w=256;s=256;sum=0;ext=0;proc=0;timer=800,11,1
188,online_proc,1,1,0,DESCENT,0,1.64601,0.193,r=256;w=256;s=256;sum=0;ext=0;proc=0;timer=800,11,1
189,online_proc,1,1,0,DESCENT,1,1.69404,0.185,r=1024;w=256;s=256;sum=0;ext=0;proc=0;timer=800,11,1
190,online_proc,1,1,0,DESCENT,1,1.47898,0.162,r=256;w=1024;s=256;sum=0;ext=0;proc=0;timer=800,11,1
191,online_proc,1,1,0,DESCENT,0,1.45487,0.188,r=256;w=1024;s=256;sum=0;ext=0;proc=0;timer=800,11,1
192,online_proc,1,1,0,DESCENT,0,1.52742,0.247,r=256;w=1024;s=256;sum=0;ext=0;proc=0;timer=800,11,1
193,online_proc,1,1,0,DESCENT,1,1.70538,0.175,r=256;w=256;s=256;sum=0;ext=0;proc=0;timer=800,11,1
194,online_proc,1,1,0,DESCENT,1,1.5638,0.222,r=256;w=16384;s=256;sum=0;ext=0;proc=0;timer=800,11,1
195,online_proc,1,1,0,DESCENT,1,1.3326,0.161,r=256;w=1024;s=256;sum=1;ext=0;proc=0;timer=800,11,1
196,online_proc,1,1,0,DESCENT,0,1.72384,0.162,r=256;w=1024;s=256;sum=1;ext=0;proc=0;timer=800,11,1
197,online_proc,1,1,0,DESCENT,0,2.42201,0.165,r=256;w=1024;s=256;sum=1;ext=0;proc=0;timer=800,11,1
198,online_proc,1,1,0,DESCENT,1,1.90325,0.172,r=256;w=1024;s=256;sum=0;ext=0;proc=0;timer=800,11,1
199,online_proc,1,1,0,DESCENT,1,1.63305,0.161,r=128;w=1024;s=256;sum=1;ext=0;proc=0;timer=800,11,1
200,online_proc,1,1,0,DESCENT,1,1.89553,0.159,r=512;w=1024;s=256;sum=1;ext=0;proc=0;timer=800,11,1
201,online_proc,1,1,0,DESCENT,0,1.00097,0.143,r=128;w=1024;s=256;sum=1;ext=0;proc=0;timer=800,11,1
202,online_proc,1,1,0,DESCENT,0,0.964529,0.141,r=128;w=1024;s=256;sum=1;ext=0;proc=0;timer=800,11,1
203,online_proc,1,1,0,DESCENT,1,1.44835,0.156,r=256;w=1024;s=256;sum=1;ext=0;proc=0;timer=800,11,1
204,online_proc,1,1,0,DESCENT,1,2.04715,0.184,r=128;w=512;s=256;sum=1;ext=0;proc=0;timer=800,11,1
205,online_proc,1,1,0,DESCENT,1,1.51732,0.188,r=128;w=4096;s=256;sum=1;ext=0;proc=0;timer=800,11,1
206,online_proc,1,1,0,DESCENT,1,1.73237,0.222,r=128;w=1024;s=256;sum=0;ext=0;proc=0;timer=800,11,1
207,online_proc,1,1,0,DESCENT,1,1.32541,0.167,r=256;w=1024;s=256;sum=1;ext=0;proc=0;timer=800,11,1
208,online_proc,1,1,0,DESCENT,1,1.48233,0.165,r=128;w=512;s=256;sum=1;ext=0;proc=0;timer=800,11,1
209,online_proc,1,1,0,DESCENT,1,1.13624,0.147,r=128;w=4096;s=256;sum=1;ext=0;proc=0;timer=800,11,1
210,online_proc,1,1,0,CONVERGED,1,1.19777,0.149,r=128;w=1024;s=256;sum=0;ext=0;proc=0;timer=800,11,1
211,online_proc,1,1,0,CONVERGED,0,1.5616,0.14,r=128;w=1024;s=256;sum=1;ext=0;proc=0;timer=800,11,1
212,online_proc,1,1,0,CONVERGED,0,2.55943,0.153,r=128;w=1024;s=256;sum=1;ext=0;proc=0;timer=800,11,1
213,online_proc,1,1,0,CONVERGED,0,1.18821,0.148,r=128;w=1024;s=256;sum=1;ext=0;proc=0;timer=800,11,1
214,online_proc,1,1,0,CONVERGED,0,1.40724,0.156,r=128;w=1024;s=256;sum=1;ext=0;proc=0;timer=800,11,1
215,online_proc,1,1,0,CONVERGED,0,1.34554,0.175,r=128;w=1024;s=256;sum=1;ext=0;proc=0;timer=800,11,1
216,online_proc,1,1,0,CONVERGED,0,3.02009,0.698,r=128;w=1024;s=256;sum=1;ext=0;proc=0;timer=800,11,1
217,online_proc,1,1,0,CONVERGED,0,1.81633,0.209,r=128;w=1024;s=256;sum=1;ext=0;proc=0;timer=800,11,1
218,online_proc,1,1,0,CONVERGED,0,1.66279,0.163,r=128;w=1024;s=256;sum=1;ext=0;proc=0;timer=800,11,1
219,online_proc,1,1,0,CONVERGED,0,1.69056,0.155,r=128;w=1024;s=256;sum=1;ext=0;proc=0;timer=800,11,1
220,online_proc,1,1,0,CONVERGED,0,2.26177,0.439,r=128;w=1024;s=256;sum=1;ext=0;proc=0;timer=800,11,1
221,online_proc,1,1,0,CONVERGED,0,1.3581,0.178,r=128;w=1024;s=256;sum=1;ext=0;proc=0;timer=800,11,1
222,online_proc,1,1,0,CONVERGED,0,1.21198,0.162,r=128;w=1024;s=256;sum=1;ext=0;proc=0;timer=800,11,1
223,online_proc,1,1,0,CONVERGED,0,2.11597,0.177,r=128;w=1024;s=256;sum=1;ext=0;proc=0;timer=800,11,1
224,online_proc,1,1,0,CONVERGED,0,1.61288,0.173,r=128;w=1024;s=256;sum=1;ext=0;proc=0;timer=800,11,1
225,online_proc,1,1,0,CONVERGED,0,1.64089,0.252,r=128;w=1024;s=256;sum=1;ext=0;proc=0;timer=800,11,1
226,online_proc,1,1,0,CONVERGED,0,2.21048,0.162,r=128;w=1024;s=256;sum=1;ext=0;proc=0;timer=800,11,1
227,online_proc,1,1,0,CONVERGED,0,1.17129,0.159,r=128;w=1024;s=256;sum=1;ext=0;proc=0;timer=800,11,1
228,online_proc,1,1,0,CONVERGED,0,1.43037,0.175,r=128;w=1024;s=256;sum=1;ext=0;proc=0;timer=800,11,1
229,online_proc,1,1,0,CONVERGED,0,1.3576,0.153,r=128;w=1024;s=256;sum=1;ext=0;proc=0;timer=800,11,1
230,online_proc,1,1,0,CONVERGED,0,1.36537,0.165,r=128;w=1024;s=256;sum=1;ext=0;proc=0;timer=800,11,1
231,online_timer,1,3,1,DEVELOPING,0,5.45665,0.254,r=256;w=256;s=256;sum=0;ext=0;proc=0;timer=800,11,1
232,online_timer,1,1,0,DEVELOPING,0,4.35398,0.42,r=256;w=256;s=256;sum=0;ext=0;proc=0;timer=800,11,1
233,online_timer,1,1,0,DEVELOPING,0,4.95715,0.316,r=256;w=256;s=256;sum=0;ext=0;proc=0;timer=800,11,1
234,online_timer,1,1,0,DESCENT,0,4.36624,0.271,r=256;w=256;s=256;sum=0;ext=0;proc=0;timer=800,11,1
235,online_timer,1,1,0,DESCENT,0,5.01211,0.266,r=256;w=256;s=256;sum=0;ext=0;proc=0;timer=800,11,1
236,online_timer,1,1,0,DESCENT,0,4.29875,0.293,r=256;w=256;s=256;sum=0;ext=0;proc=0;timer=800,11,1
237,online_timer,1,1,0,DESCENT,1,5.20353,0.257,r=256;w=1024;s=256;sum=0;ext=0;proc=0;timer=800,11,1
238,online_timer,1,1,0,DESCENT,1,5.11437,0.293,r=256;w=256;s=256;sum=1;ext=0;proc=0;timer=800,11,1
239,online_timer,1,1,0,DESCENT,1,3.9146,0.375,r=256;w=256;s=256;sum=0;ext=0;proc=0;timer=200,11,1
240,online_timer,1,1,0,DESCENT,0,4.52168,0.347,r=256;w=256;s=256;sum=0;ext=0;proc=0;timer=200,11,1
241,online_timer,1,1,0,DESCENT,0,3.81928,0.321,r=256;w=256;s=256;sum=0;ext=0;proc=0;timer=200,11,1
242,online_timer,1,1,0,DESCENT,1,4.47644,0.257,r=256;w=256;s=256;sum=0;ext=0;proc=0;timer=800,11,1
243,online_timer,1,1,0,DESCENT,1,5.68198,0.531,r=256;w=256;s=256;sum=0;ext=0;proc=0;timer=50,11,1
244,online_timer,1,1,0,DESCENT,1,5.18838,0.35,r=256;w=128;s=256;sum=0;ext=0;proc=0;timer=200,11,1
245,online_timer,1,1,0,DESCENT,1,3.95976,0.32,r=256;w=512;s=256;sum=0;ext=0;proc=0;timer=200,11,1
246,online_timer,1,1,0,DESCENT,1,4.29884,0.349,r=256;w=256;s=256;sum=1;ext=0;proc=0;timer=200,11,1
247,online_timer,1,1,0,DESCENT,1,3.96583,0.279,r=256;w=256;s=256;sum=0;ext=0;proc=0;timer=400,11,1
248,online_timer,1,1,0,DESCENT,1,3.71306,0.403,r=256;w=256;s=256;sum=0;ext=0;proc=0;timer=100,11,1
249,online_timer,1,1,0,DESCENT,0,3.65495,0.449,r=256;w=256;s=256;sum=0;ext=0;proc=0;timer=100,11,1
250,online_timer,1,1,0,DESCENT,0,3.18729,0.344,r=256;w=256;s=256;sum=0;ext=0;proc=0;timer=100,11,1
251,online_timer,1,1,0,DESCENT,1,3.6116,0.289,r=256;w=256;s=256;sum=0;ext=0;proc=0;timer=200,11,1
252,online_timer,1,1,0,DESCENT,1,3.33044,0.427,r=256;w=256;s=256;sum=0;ext=0;proc=0;timer=50,11,1
253,online_timer,1,1,0,DESCENT,0,3.61069,0.474,r=256;w=256;s=256;sum=0;ext=0;proc=0;timer=50,11,1
254,online_timer,1,1,0,DESCENT,0,4.03347,0.411,r=256;w=256;s=256;sum=0;ext=0;proc=0;timer=50,11,1
255,online_timer,1,1,0,DESCENT,1,3.62366,0.746,r=256;w=256;s=256;sum=0;ext=0;proc=0;timer=100,11,1
256,online_timer,1,1,0,DESCENT,1,3.70712,0.556,r=256;w=256;s=256;sum=0;ext=0;proc=0;timer=25,11,1
257,online_timer,1,1,0,DESCENT,1,3.33348,0.417,r=256;w=128;s=256;sum=0;ext=0;proc=0;timer=50,11,1
258,online_timer,1,1,0,DESCENT,1,6.91959,0.512,r=256;w=512;s=256;sum=0;ext=0;proc=0;timer=50,11,1
259,online_timer,1,1,0,DESCENT,0,3.93131,0.48,r=256;w=128;s=256;sum=0;ext=0;proc=0;timer=50,11,1
260,online_timer,1,1,0,DESCENT,0,3.74946,0.528,r=256;w=128;s=256;sum=0;ext=0;proc=0;timer=50,11,1
261,online_timer,1,1,0,DESCENT,1,3.80996,0.622,r=256;w=256;s=256;sum=0;ext=0;proc=0;timer=50,11,1
262,online_timer,1,1,0,DESCENT,1,3.53513,0.411,r=256;w=128;s=256;sum=1;ext=0;proc=0;timer=50,11,1
263,online_timer,1,1,0,DESCENT,0,4.29827,0.469,r=256;w=128;s=256;sum=1;ext=0;proc=0;timer=50,11,1
264,online_timer,1,1,0,DESCENT,0,3.35331,0.449,r=256;w=128;s=256;sum=1;ext=0;proc=0;timer=50,11,1
265,online_timer,1,1,0,DESCENT,1,6.33784,0.614,r=256;w=128;s=256;sum=0;ext=0;proc=0;timer=50,11,1
266,online_timer,1,1,0,DESCENT,1,4.63833,0.486,r=256;w=128;s=256;sum=1;ext=0;proc=0;timer=100,11,1
267,online_timer,1,1,0,DESCENT,1,4.02479,0.616,r=256;w=128;s=256;sum=1;ext=0;proc=0;timer=25,11,1
268,online_timer,1,1,0,DESCENT,1,3.78614,0.451,r=256;w=256;s=256;sum=1;ext=0;proc=0;timer=50,11,1
269,online_timer,1,1,0,DESCENT,1,4.62016,0.517,r=256;w=128;s=256;sum=0;ext=0;proc=0;timer=50,11,1
270,online_timer,1,1,0,DESCENT,1,3.91837,0.538,r=256;w=128;s=256;sum=1;ext=0;proc=0;timer=100,11,1
271,online_timer,1,1,0,DESCENT,1,5.54305,0.544,r=256;w=128;s=256;sum=1;ext=0;proc=0;timer=25,11,1
272,online_timer,1,1,0,CONVERGED,1,3.6506,0.472,r=256;w=256;s=256;sum=1;ext=0;proc=0;timer=50,11,1
273,online_timer,1,1,0,CONVERGED,0,3.04957,0.407,r=256;w=128;s=256;sum=1;ext=0;proc=0;timer=50,11,1
274,online_timer,1,1,0,CONVERGED,0,4.04936,0.924,r=256;w=128;s=256;sum=1;ext=0;proc=0;timer=50,11,1
275,online_timer,1,1,0,CONVERGED,0,3.73423,0.483,r=256;w=128;s=256;sum=1;ext=0;proc=0;timer=50,11,1
276,online_timer,1,1,0,CONVERGED,0,3.73073,0.476,r=256;w=128;s=256;sum=1;ext=0;proc=0;timer=50,11,1
277,online_timer,1,1,0,CONVERGED,0,4.45538,0.63,r=256;w=128;s=256;sum=1;ext=0;proc=0;timer=50,11,1
278,online_timer,1,1,0,CONVERGED,0,3.64913,0.522,r=256;w=128;s=256;sum=1;ext=0;proc=0;timer=50,11,1
279,online_timer,1,1,0,CONVERGED,0,4.30744,0.861,r=256;w=128;s=256;sum=1;ext=0;proc=0;timer=50,11,1
280,online_timer,1,1,0,CONVERGED,0,4.39152,0.534,r=256;w=128;s=256;sum=1;ext=0;proc=0;timer=50,11,1
281,online_timer,1,1,0,CONVERGED,0,4.46844,0.605,r=256;w=128;s=256;sum=1;ext=0;proc=0;timer=50,11,1
282,online_timer,1,1,0,CONVERGED,0,4.16885,0.543,r=256;w=128;s=256;sum=1;ext=0;proc=0;timer=50,11,1
283,online_timer,1,1,0,CONVERGED,0,4.48328,0.543,r=256;w=128;s=256;sum=1;ext=0;proc=0;timer=50,11,1
284,online_timer,1,1,0,CONVERGED,0,22.3608,1.226,r=256;w=128;s=256;sum=1;ext=0;proc=0;timer=50,11,1
285,online_timer,1,1,0,CONVERGED,0,4.29358,0.542,r=256;w=128;s=256;sum=1;ext=0;proc=0;timer=50,11,1
286,online_timer,1,1,0,CONVERGED,0,4.52634,0.473,r=256;w=128;s=256;sum=1;ext=0;proc=0;timer=50,11,1
287,online_timer,1,1,0,CONVERGED,0,3.9933,0.453,r=256;w=128;s=256;sum=1;ext=0;proc=0;timer=50,11,1
288,online_timer,1,1,0,CONVERGED,0,3.79119,1.496,r=256;w=128;s=256;sum=1;ext=0;proc=0;timer=50,11,1
289,online_timer,1,1,0,CONVERGED,0,3.4041,0.505,r=256;w=128;s=256;sum=1;ext=0;proc=0;timer=50,11,1
290,online_timer,1,1,0,CONVERGED,0,3.97785,0.499,r=256;w=128;s=256;sum=1;ext=0;proc=0;timer=50,11,1
291,online_timer,1,1,0,CONVERGED,0,3.54974,0.45,r=256;w=128;s=256;sum=1;ext=0;proc=0;timer=50,11,1
292,online_timer,1,1,0,CONVERGED,0,3.59786,0.4,r=256;w=128;s=256;sum=1;ext=0;proc=0;timer=50,11,1
293,online_timer,1,1,0,CONVERGED,0,3.60437,0.408,r=256;w=128;s=256;sum=1;ext=0;proc=0;timer=50,11,1
294,online_timer,1,1,0,CONVERGED,0,9.29025,0.475,r=256;w=128;s=256;sum=1;ext=0;proc=0;timer=50,11,1
295,online_timer,1,1,0,CONVERGED,0,3.89482,0.485,r=256;w=128;s=256;sum=1;ext=0;proc=0;timer=50,11,1
296,online_timer,1,1,0,CONVERGED,0,4.26033,0.478,r=256;w=128;s=256;sum=1;ext=0;proc=0;timer=50,11,1
297,online_timer,1,1,0,CONVERGED,0,6.8386,0.482,r=256;w=128;s=256;sum=1;ext=0;proc=0;timer=50,11,1
298,online_timer,1,1,0,CONVERGED,0,4.19409,0.46,r=256;w=128;s=256;sum=1;ext=0;proc=0;timer=50,11,1
299,online_timer,1,1,0,CONVERGED,0,8.19715,0.444,r=256;w=128;s=256;sum=1;ext=0;proc=0;timer=50,11,1
300,online_timer,1,1,0,CONVERGED,0,3.71214,0.437,r=256;w=128;s=256;sum=1;ext=0;proc=0;timer=50,11,1
301,online_timer,1,1,0,CONVERGED,0,3.52045,0.477,r=256;w=128;s=256;sum=1;ext=0;proc=0;timer=50,11,1
302,online_timer,1,1,0,CONVERGED,0,4.68992,0.584,r=256;w=128;s=256;sum=1;ext=0;proc=0;timer=50,11,1
303,online_timer,1,1,0,CONVERGED,0,3.66202,0.459,r=256;w=128;s=256;sum=1;ext=0;proc=0;timer=50,11,1
304,online_timer,1,1,0,CONVERGED,0,3.75834,0.403,r=256;w=128;s=256;sum=1;ext=0;proc=0;timer=50,11,1
305,online_timer,1,1,0,CONVERGED,0,3.34131,0.427,r=256;w=128;s=256;sum=1;ext=0;proc=0;timer=50,11,1
306,online_timer,1,1,0,CONVERGED,0,3.88928,0.468,r=256;w=128;s=256;sum=1;ext=0;proc=0;timer=50,11,1
307,online_timer,1,1,0,CONVERGED,0,3.63841,0.417,r=256;w=128;s=256;sum=1;ext=0;proc=0;timer=50,11,1
308,online_timer,1,1,0,CONVERGED,0,4.11732,1.194,r=256;w=128;s=256;sum=1;ext=0;proc=0;timer=50,11,1
309,online_timer,1,1,0,CONVERGED,0,3.83961,0.413,r=256;w=128;s=256;sum=1;ext=0;proc=0;timer=50,11,1
310,online_timer,1,1,0,CONVERGED,0,3.40273,0.693,r=256;w=128;s=256;sum=1;ext=0;proc=0;timer=50,11,1
